PRODUCT,AGRICULTURE,TRANSFORMATION,PACKAGING,TRANSPORT,SUPERMARKET AND DISTRIBUTION,CONSUMPTION,TOTAL IMPACT
"salami, pork and beef",5.1518328,0.64278064,0.098456598,0.20498679,0.037393191,0.006687562,6.142137581
"merguez sausage, pure beef, raw",29.803955,0.11797113,0.27761401,0.20976478,0.037393191,0.006687562,30.45338567
"merguez sausage, pork and beef, raw",23.726495,0.51515612,0.48156728,0.21333977,0.037393191,0.006687562,24.98063892
"merguez sausage, beef, mutton and pork, raw",31.371255,0.32208615,0.37872644,0.21170653,0.037393191,0.006687562,32.32785487
"merguez sausage, beef and mutton, raw",38.887532,0.13226106,0.27761401,0.21010073,0.037393191,0.006687562,39.55158855
"sausage meat, pork and beef, raw",4.3644895,0.25179252,0.23089041,0.20129786,0.036974137,0.006687562,5.092131989
"burger, beef based, 15% fat, raw",15.896356,0.27679941,0.26924245,0.20839781,0.036974137,0.006687562,16.69445737
"beef, stewing meat, raw",27.221359,0.11569742,0.27564225,0.20348266,0.036974137,0.006687562,27.85984303
"kidney, beef, raw",21.517062,0.052216317,0.27564225,0.20049102,0.036974137,0.006687562,22.08907329
"tongue, beef, raw",21.517062,0.052216317,0.27564225,0.20049102,0.036974137,0.006687562,22.08907329
"heart, beef, raw",21.517062,0.052216317,0.27564225,0.20049102,0.036974137,0.006687562,22.08907329
"beef, topside, raw",27.221359,0.11569742,0.27564225,0.20348266,0.036974137,0.006687562,27.85984303
"beef, steak or beef steak, raw",27.221359,0.11569742,0.27564225,0.20348266,0.036974137,0.006687562,27.85984303
"beef, minced steak, 5% fat, raw",33.395913,0.25100959,0.26918334,0.20672094,0.036974137,0.006687562,34.16648857
"beef, minced steak, 20% fat, raw",33.395913,0.25100959,0.26918334,0.20672094,0.036974137,0.006687562,34.16648857
"beef, minced steak, 15% fat, raw",33.395913,0.25100959,0.26918334,0.20672094,0.036974137,0.006687562,34.16648857
"beef, minced steak, 10% fat, raw",33.395913,0.25100959,0.26918334,0.20672094,0.036974137,0.006687562,34.16648857
"beef, rump steak, raw",27.221359,0.11569742,0.27564225,0.20348266,0.036974137,0.006687562,27.85984303
"beef, flank steak, raw",27.221359,0.11569742,0.27564225,0.20348266,0.036974137,0.006687562,27.85984303
"beef, bolar-blade, raw",27.221359,0.11569742,0.29772333,0.20351988,0.036974137,0.008359452,27.88363322
"beef, rib, raw",27.221359,0.066059163,0.34455281,0.25078423,0.046217671,0.08872985,28.01770272
"beef, rib steak, raw",27.221359,0.066059163,0.34455281,0.25078423,0.046217671,0.08872985,28.01770272
"beef, shoulder, raw",27.221359,0.11569742,0.27564225,0.20348266,0.036974137,0.006687562,27.85984303
"beef, sirloin steak, raw",27.221359,0.11569742,0.27564225,0.20348266,0.036974137,0.006687562,27.85984303
"blood, beef, raw",26.896328,0.065270396,0.2306872,0.25061377,0.046217671,0.08872985,27.57784689
"beef, sirloin steak, red label, raw",27.221359,0.11569742,0.27564225,0.20348266,0.036974137,0.006687562,27.85984303
"beef, thin flank, raw",27.221359,0.11569742,0.27564225,0.20348266,0.036974137,0.006687562,27.85984303
"beef, knuckle, raw",27.221359,0.066059163,0.34455281,0.25078423,0.046217671,0.08872985,28.01770272
"beef, cheek, raw",27.221359,0.11569742,0.27564225,0.20348266,0.036974137,0.006687562,27.85984303
"beef, hanger steak, raw",27.221359,0.11569742,0.27564225,0.20348266,0.036974137,0.006687562,27.85984303
"beef, chuck, raw",34.026699,0.14462178,0.34455281,0.25435333,0.046217671,0.08872985,34.90517444
"beef, short ribs, raw",27.221359,0.066059163,0.34455281,0.25078423,0.046217671,0.08872985,28.01770272
"beef, round, raw",27.221359,0.11569742,0.27564225,0.20348266,0.036974137,0.006687562,27.85984303
"tripe, beef, raw",26.896328,0.065270396,0.34455281,0.25061377,0.046217671,0.08872985,27.6917125
"lamb, neck, raw",40.546904,0.066555182,0.34455281,0.25398787,0.046217671,0.08872985,41.34694738
"lamb, chop fillet, raw",40.546904,0.066555182,0.34455281,0.25398787,0.046217671,0.08872985,41.34694738
"lamb, rib chop, raw",40.546904,0.066555182,0.34455281,0.25398787,0.046217671,0.08872985,41.34694738
"lamb, cutlet, raw",40.546904,0.066555182,0.32247173,0.25395065,0.046217671,0.087057959,41.32315719
"lamb, shoulder, raw",32.437523,0.053244146,0.27564225,0.2031903,0.036974137,0.006687562,33.01326139
"lamb, shoulder, lean, raw",32.437523,0.053244146,0.27564225,0.2031903,0.036974137,0.006687562,33.01326139
"lamb, leg, raw",40.546904,0.066555182,0.34455281,0.25398787,0.046217671,0.08872985,41.34694738
"lamb, saddle, raw",40.546904,0.066555182,0.34455281,0.25398787,0.046217671,0.08872985,41.34694738
"brain, lamb, raw",21.06315,0.03457383,0.27564225,0.19828674,0.036974137,0.006687562,21.61531452
"heart, lamb, raw",21.06315,0.03457383,0.27564225,0.19828674,0.036974137,0.006687562,21.61531452
"liver, lamb, raw",21.06315,0.03457383,0.27564225,0.19828674,0.036974137,0.006687562,21.61531452
"sweetbread, lamb, raw",26.328937,0.043217288,0.34455281,0.24785842,0.046217671,0.08872985,27.09951304
"kidney, lamb, raw",21.06315,0.03457383,0.27564225,0.19828674,0.036974137,0.006687562,21.61531452
"dry sausage, pure pork, superior quality",5.0981679,0.63608501,0.098236763,0.20333048,0.036974137,0.006687562,6.079481852
"pork belly, smoked, raw",5.587654,0.27620305,0.16977722,0.20468657,0.036974137,0.006687562,6.281982539
"pork liver mousse, superior quality",4.2891728,0.53616527,0.42841844,0.20847516,0.037393191,0.006687562,5.506312423
pork liver mousse,4.2891728,0.53616527,0.42841844,0.20847516,0.037393191,0.006687562,5.506312423
"rillettes, pork",4.2891728,0.53616527,0.33455704,0.12910993,0.017321188,0.006687562,5.31301379
"rillettes, pure pork",4.2891728,0.53616527,0.33455704,0.12910993,0.017321188,0.006687562,5.31301379
"pork ham, intended to be cooked or pork ham, intended to be roast/bake",5.8902263,0.48164956,0.47907012,0.20550955,0.036974137,0.006687562,7.100117229
"cooked pork shoulder, standard, rind less and fatless",5.8902263,0.48164956,0.47907012,0.20550955,0.036974137,0.006687562,7.100117229
"cooked pork shoulder, choice",5.8902263,0.48164956,0.47907012,0.20550955,0.036974137,0.006687562,7.100117229
preserved pork liver,1.4965593,0.10480963,0.27761401,0.19485162,0.037393191,0.006687562,2.117915313
"salami, pure pork",5.0981679,0.63608501,0.098236763,0.20333048,0.036974137,0.006687562,6.079481852
dry spicy pork sausage with red pepper,5.0981679,0.63608501,0.098236763,0.20333048,0.036974137,0.006687562,6.079481852
"sausage meat, pure pork, raw",4.3644895,0.25179252,0.23089041,0.20129786,0.036974137,0.006687562,5.092131989
"viennese sausage, pork and veal, raw",14.10395,1.0048785,0.7399657,0.21938611,0.037393191,0.006687562,16.11226106
"dry sausage, pure pork",5.0981679,0.63608501,0.098236763,0.20333048,0.036974137,0.006687562,6.079481852
"pork on skewer, raw",5.5630553,0.56285425,0.53428401,0.2494637,0.037393191,0.006687562,6.953738013
"pork, loin, raw",8.7606538,0.9189616,0.46448625,0.21347719,0.036974137,0.006687562,10.40124054
"brain, pork, raw",1.4809702,0.10371786,0.27564225,0.19330089,0.036974137,0.006687562,2.097292899
"heart, pork, raw",1.4809702,0.10371786,0.27564225,0.19330089,0.036974137,0.006687562,2.097292899
"liver, pork, raw",1.4809702,0.10371786,0.27564225,0.19330089,0.036974137,0.006687562,2.097292899
"kidney, pork, raw",1.4809702,0.10371786,0.27564225,0.19330089,0.036974137,0.006687562,2.097292899
"tongue, pork, raw",1.4809702,0.10371786,0.27564225,0.19330089,0.036974137,0.006687562,2.097292899
"pork, back fat, rindless, raw",1.1542558,0.057139359,0.27564225,0.19240409,0.036974137,0.006687562,1.723103198
"pork, spare-ribs, raw",8.7606538,0.86932334,0.473707,0.26077877,0.046217671,0.08872985,10.49941043
"pork, round steak, raw",8.7606538,0.9189616,0.46448625,0.21347719,0.036974137,0.006687562,10.40124054
"pork, roast, raw",8.7606538,0.9189616,0.46448625,0.21347719,0.036974137,0.006687562,10.40124054
"pork, belly, raw",8.7606538,0.9189616,0.46448625,0.21347719,0.036974137,0.006687562,10.40124054
"pork, belly, flank removed, raw",5.587654,0.27620305,0.27564225,0.20468657,0.036974137,0.006687562,6.387847569
"pork, chop, raw",8.7606538,0.86932334,0.473707,0.26077877,0.046217671,0.08872985,10.49941043
"pork, shoulder upper half, without rind, fat and bone, raw",8.7606538,0.9189616,0.46448625,0.21347719,0.036974137,0.006687562,10.40124054
"pork, 80/20 trimming, raw",8.7606538,0.9189616,0.46448625,0.21347719,0.036974137,0.006687562,10.40124054
"pork loin, raw",8.7606538,0.9189616,0.46448625,0.21347719,0.036974137,0.006687562,10.40124054
"pork, knuckle or shank, raw",8.7606538,0.86932334,0.473707,0.26077877,0.046217671,0.08872985,10.49941043
"pork, knuckle oh ham, without rind, fat and bone, raw",8.7606538,0.86932334,0.473707,0.26077877,0.046217671,0.08872985,10.49941043
"pork, way leg, without rind, fat and bone, raw",10.950817,1.148702,0.58060782,0.26684649,0.046217671,0.08872985,13.08192083
"pork, shoulder lower half, without rind, fat and bone, raw",8.7606538,0.9189616,0.46448625,0.21347719,0.036974137,0.006687562,10.40124054
"pork, jowl, rindless, raw",5.587654,0.27620305,0.27564225,0.20468657,0.036974137,0.006687562,6.387847569
"pork tenderloin, lean, raw",8.7606538,0.9189616,0.46448625,0.21347719,0.036974137,0.006687562,10.40124054
"pork filet mignon, raw",8.7606538,0.9189616,0.46448625,0.21347719,0.036974137,0.006687562,10.40124054
"pork, rack, raw",8.7606538,0.86932334,0.473707,0.26077877,0.046217671,0.08872985,10.49941043
"pork, shoulder, raw",7.008523,0.69545867,0.3789656,0.20862301,0.036974137,0.006687562,8.335231979
"pork, 90/10 trimming, raw",8.7606538,0.9189616,0.46448625,0.21347719,0.036974137,0.006687562,10.40124054
"pork, ham escalope, raw",8.7606538,0.9189616,0.46448625,0.21347719,0.036974137,0.006687562,10.40124054
"chicken cooked ham, in slices",5.1782299,1.0798426,0.27564225,0.24399676,0.036974137,0.006687562,6.821373209
"heart, chicken, raw",1.1045307,0.21974541,0.27564225,0.20089325,0.036974137,0.006687562,1.844473309
"chicken, breast, meat and skin, raw",5.1782298,1.0798426,0.27564225,0.24399676,0.036974137,0.006687562,6.821373109
"chicken, drumstick, raw",5.1782298,1.0302043,0.34455281,0.29129833,0.046217671,0.08872985,6.979232761
"chicken high leg, meat, raw",5.1782299,1.0302043,0.34455281,0.29129833,0.046217671,0.08872985,6.979232861
"chicken, breast, without skin, raw",5.1782298,1.0798426,0.27564225,0.24399676,0.036974137,0.006687562,6.821373109
"chicken, leg, meat, raw",5.1782298,1.0302043,0.34455281,0.29129833,0.046217671,0.08872985,6.979232761
"chicken, leg, meat and skin, raw",5.1782298,1.0302043,0.34455281,0.29129833,0.046217671,0.08872985,6.979232761
"chicken, wing, meat and skin, raw",5.1782298,1.0302043,0.34455281,0.29129833,0.046217671,0.08872985,6.979232761
"chicken, free-range, meat and skin, raw",5.1782298,1.0302043,0.34455281,0.29129833,0.046217671,0.08872985,6.979232761
"chicken, eviscerated without offal, raw",5.1782298,1.0302043,0.34455281,0.29129833,0.046217671,0.08872985,6.979232761
"chicken, white race, meat and skin, raw",5.1782298,1.0302043,0.34455281,0.29129833,0.046217671,0.08872985,6.979232761
"chicken, stewing, leg, raw",5.1782298,1.0302043,0.34455281,0.29129833,0.046217671,0.08872985,6.979232761
"gizzard, chicken, raw",1.1045307,0.21974541,0.27564225,0.20089325,0.036974137,0.006687562,1.844473309
"liver, chicken, raw",1.1045307,0.21974541,0.27564225,0.20089325,0.036974137,0.006687562,1.844473309
"chicken, meat and skin, raw",4.1425839,0.82416344,0.27564225,0.23303866,0.036974137,0.006687562,5.519089949
"chicken, meat, raw",4.1425839,0.82416344,0.27564225,0.23303866,0.036974137,0.006687562,5.519089949
"common anchovy, raw",0.92334433,0,0.27564225,0.90555681,0.036974137,0.006687562,2.148205089
"mediterranean bass, raw, farmed",11.359006,0,0.27564225,1.0022641,0.036974137,0.006687562,12.68057405
"mediterranean bass, raw, wild",7.722585,0,0.27564225,1.0022641,0.036974137,0.006687562,9.044153049
"european bass, raw",11.359006,0,0.27564225,1.0022641,0.036974137,0.006687562,12.68057405
"atlantic bass, raw",11.359006,0,0.27564225,1.0022641,0.036974137,0.006687562,12.68057405
"american bass, raw",11.359006,0,0.27564225,1.0022641,0.036974137,0.006687562,12.68057405
"bogue, raw",0.28644409,0,0.27564225,0.90555681,0.036974137,0.006687562,1.511304849
"bonito, raw",7.2913297,0,0.27564225,0.78735897,0.036974137,0.006687562,8.397992619
"freshwater bream, raw",11.359006,0,0.27564225,1.0022644,0.036974137,0.006687562,12.68057435
"cod, raw",9.3555545,0,0.27564225,1.1741883,0.036974137,0.006687562,10.84904675
"capelin, raw",7.2913297,0,0.27564225,0.78735897,0.036974137,0.006687562,8.397992619
"crevalle jack, raw",3.1435678,0,0.27564225,0.78735897,0.036974137,0.006687562,4.250230719
"megrim, raw",9.3555545,0,0.27564225,1.1741883,0.036974137,0.006687562,10.84904675
"carp, raw, farmed",5.4155702,0,0.27564225,0.90555681,0.036974137,0.006687562,6.640430959
"horse mackerel, oily (autumn, winter), raw",1.0572894,0,0.27564225,0.87690279,0.036974137,0.006687562,2.253496139
"horse mackerel, lean (spring, summer), raw",1.0572894,0,0.27564225,0.87690279,0.036974137,0.006687562,2.253496139
"horse mackerel, raw",1.0572894,0,0.27564225,0.87690279,0.036974137,0.006687562,2.253496139
"conger, raw",9.3555545,0,0.27564225,1.1741883,0.036974137,0.006687562,10.84904675
"brown meagre, raw",3.1435678,0,0.27564225,0.78735897,0.036974137,0.006687562,4.250230719
"bigeye scad, raw",1.0572894,0,0.27564225,0.87690279,0.036974137,0.006687562,2.253496139
"common dentex, raw",9.3555545,0,0.27564225,1.1741883,0.036974137,0.006687562,10.84904675
"black seabream, raw",5.3654111,0,0.27564225,1.0488269,0.036974137,0.006687562,6.733541949
"blackspot seabream, raw",5.3654111,0,0.27564225,1.0488269,0.036974137,0.006687562,6.733541949
"gilthead seabream, raw, farmed",11.359006,0,0.27564225,1.0022641,0.036974137,0.006687562,12.68057405
"gilthead seabream, raw, wild",7.722585,0,0.27564225,1.0022641,0.036974137,0.006687562,9.044153049
"haddock, raw",9.3555545,0,0.27564225,1.1741883,0.036974137,0.006687562,10.84904675
"blue shark, fillet, without skin, raw",9.3555545,0,0.27564225,1.1741883,0.036974137,0.006687562,10.84904675
"pond smelt, raw",0.71037021,0,0.27564225,0.90555681,0.036974137,0.006687562,1.935230969
"swordfish, raw",3.1435678,0,0.27564225,0.78735897,0.036974137,0.006687562,4.250230719
"atlantic halibut, raw",3.1435678,0,0.27564225,0.78735897,0.036974137,0.006687562,4.250230719
"greenland halibut, raw",9.3555545,0,0.27564225,1.1741883,0.036974137,0.006687562,10.84904675
"roundnose grenadier, raw",9.3555545,0,0.27564225,1.1741883,0.036974137,0.006687562,10.84904675
"blue grenadier, raw",5.3830611,0,0.27564225,1.0846444,0.036974137,0.006687562,6.787009449
"tub gurnard, raw",9.3555545,0,0.27564225,1.1741883,0.036974137,0.006687562,10.84904675
"red gurnard, raw",5.3654111,0,0.27564225,1.0488269,0.036974137,0.006687562,6.733541949
"atlantic herring, oily, raw",1.0832105,0,0.27564225,0.90555681,0.036974137,0.006687562,2.308071259
"atlantic herring, lean, raw",1.0832105,0,0.27564225,0.90555681,0.036974137,0.006687562,2.308071259
"atlantic herring, raw",1.0832105,0,0.27564225,0.90555681,0.036974137,0.006687562,2.308071259
"grenadier, from any fishing spot, raw",9.3555545,0,0.27564225,1.1741883,0.036974137,0.006687562,10.84904675
"big-scale sand smelt (whole small fish), to fry, raw",0.28644409,0,0.27564225,0.90555681,0.036974137,0.006687562,1.511304849
"ling, raw",9.3555545,0,0.27564225,1.1741883,0.036974137,0.006687562,10.84904675
"pollack, raw",9.3555545,0,0.27564225,1.1741883,0.036974137,0.006687562,10.84904675
"saithe, raw",4.6079003,0,0.27564225,0.95570134,0.036974137,0.006687562,5.882905589
"saithe, frozen, raw",2.8637885,0.46078456,0.26918334,0.66557938,0.066174622,0.025304288,4.35081469
"alaska pollock, raw",9.3555545,0,0.27564225,1.1741883,0.036974137,0.006687562,10.84904675
"common dab, raw",9.3555545,0,0.27564225,1.1741883,0.036974137,0.006687562,10.84904675
"lemon sole, raw",9.3555545,0,0.27564225,1.1741883,0.036974137,0.006687562,10.84904675
"blue ling, raw",9.3555545,0,0.27564225,1.1741883,0.036974137,0.006687562,10.84904675
"anglerfish, raw",9.3555545,0,0.27564225,1.1741883,0.036974137,0.006687562,10.84904675
spotted wolffish,9.3555545,0,0.27564225,1.1741883,0.036974137,0.006687562,10.84904675
"atlantic chub mackerel, raw",1.0572894,0,0.27564225,0.87690279,0.036974137,0.006687562,2.253496139
"mackerel, raw",1.0572894,0,0.27564225,0.87690279,0.036974137,0.006687562,2.253496139
"whiting, raw",9.3555545,0,0.27564225,1.1741883,0.036974137,0.006687562,10.84904675
"shallow-water cape hake, raw",5.3830611,0,0.26918334,1.0846444,0.036974137,0.006687562,6.780550539
"european hake, raw",5.3830611,0,0.27564225,1.0846444,0.036974137,0.006687562,6.787009449
"hake, fillet, frozen, raw",5.3830611,0.46078456,0.26918334,1.0846444,0.066174622,0.025304288,7.28915231
"grouper, raw",3.1435678,0,0.27564225,0.78735897,0.036974137,0.006687562,4.250230719
"cod, salted, dried",9.3555545,0,0.27564225,1.1741883,0.036974137,0.006687562,10.84904675
"mullet, raw",9.3555545,0,0.27564225,1.1741883,0.036974137,0.006687562,10.84904675
"arctic char, raw",4.0724,0,0.27564225,0.90555681,0.036974137,0.006687562,5.297260759
"garfish, raw",0.71037021,0,0.27564225,0.90555681,0.036974137,0.006687562,1.935230969
"brown bullhead, raw",11.359006,0,0.27564225,1.0022641,0.036974137,0.006687562,12.68057405
"nile perch, raw",5.4155702,0,0.27564225,0.90555681,0.036974137,0.006687562,6.640430959
"european perch, raw",4.0724,0,0.27564225,0.90555681,0.036974137,0.006687562,5.297260759
"european plaice, raw",9.3555545,0,0.27564225,1.1741883,0.036974137,0.006687562,10.84904675
"ray, raw",9.3555545,0,0.27564225,1.1741883,0.036974137,0.006687562,10.84904675
"spiny scorpionfish, raw",9.3555545,0,0.27564225,1.1741883,0.036974137,0.006687562,10.84904675
"shark, raw",9.3555545,0,0.27564225,1.1741883,0.036974137,0.006687562,10.84904675
"surmullet or red mullet, raw",5.3654111,0,0.27564225,1.0488269,0.036974137,0.006687562,6.733541949
"surmullet or red mullet, steamed",6.5514783,0,0.33657517,1.2806785,0.045147566,0.094234908,8.308114444
"surmullet or red mullet, fillet with skin, frozen, raw (from thailand or senegal)",5.3654111,0.46078456,0.26918334,1.3652074,0.066174622,0.025304288,7.55206531
"nursehound or lesser spotted dogfish, raw",9.3555545,0,0.27564225,1.1741883,0.036974137,0.006687562,10.84904675
"largehead hairtail, raw",9.3555545,0,0.27564225,1.1741883,0.036974137,0.006687562,10.84904675
"john dory, raw",9.3555545,0,0.27564225,1.1741883,0.036974137,0.006687562,10.84904675
"european pilchard or sardine, raw",0.71037021,0,0.27564225,0.90555681,0.036974137,0.006687562,1.935230969
"salmon, raw, farmed",5.2222317,0.028870642,0.27564225,0.78427194,0.036974137,0.006687562,6.354678231
"salema, raw",5.3654111,0,0.27564225,1.0488269,0.036974137,0.006687562,6.733541949
"golden redfish, raw",9.3555545,0,0.27564225,1.1741883,0.036974137,0.006687562,10.84904675
"tonguesole, raw",5.3654111,0,0.27564225,1.0488269,0.036974137,0.006687562,6.733541949
"common sole, raw",5.3654111,0,0.27564225,1.0488269,0.036974137,0.006687562,6.733541949
"european sprat, raw",0.71037021,0,0.27564225,0.90555681,0.036974137,0.006687562,1.935230969
"pouting, raw",9.3555545,0,0.27564225,1.1741883,0.036974137,0.006687562,10.84904675
"yellowfin tuna, raw",3.2937992,0,0.27564225,0.78735897,0.036974137,0.006687562,4.400462119
"albacore, raw",7.2913297,0,0.27564225,0.78735897,0.036974137,0.006687562,8.397992619
"skipjack tuna, raw",3.2716502,0,0.27564225,0.78735897,0.036974137,0.006687562,4.378313119
"tuna, raw",3.2937992,0,0.27564225,0.78735897,0.036974137,0.006687562,4.400462119
"rainbow trout, raw, farmed",5.4155702,0,0.27564225,0.90555681,0.036974137,0.006687562,6.640430959
"sea trout, raw",5.4155702,0,0.27564225,0.90555681,0.036974137,0.006687562,6.640430959
"trout, farmed, raw",4.9281689,0,0.27564225,0.84108526,0.036974137,0.006687562,6.088558109
"salmon trout, raw",5.4155702,0,0.27564225,0.90555681,0.036974137,0.006687562,6.640430959
"turbot, raw, farmed",11.359006,0,0.27564225,1.0022641,0.036974137,0.006687562,12.68057405
"turbot, raw, wild",7.722585,0,0.27564225,1.0022641,0.036974137,0.006687562,9.044153049
"turbot, raw",11.359006,0,0.27564225,1.0022641,0.036974137,0.006687562,12.68057405
"snapper, raw",3.1435678,0,0.27564225,0.78735897,0.036974137,0.006687562,4.250230719
"deep water pink shrimp, raw",7.2039694,1.1695713,0.61253833,1.3542844,0.082164749,0.40778319,10.83031137
"shrimp or prawn, raw",5.4165183,0,0.61253833,1.1225833,0.082164749,0.40778319,7.641587869
"shrimp or prawn, cooked",5.4165183,0,0.61253833,1.1225833,0.082164749,0.40778319,7.641587869
"shrimp, frozen, raw",7.2039694,1.1695713,0.59818519,1.3542844,0.14705472,0.44915369,10.9222187
"tofu, plain",0.083403823,0.14573024,0.18574567,0.19543792,0.037393191,0.017733084,0.665443928
plant-based sausage with tofu (vegan),0.36550444,0.3775867,0.23350401,0.22282086,0.040313875,0.088611574,1.328341459
"tofu, smoked",0.015849892,0.76900724,0.10321577,0.16763371,0.031912341,0.086850978,1.174469931
"plant-based ball with wheat and/or soybean, prepacked",0.31705319,0.92185104,0.23350323,0.22973166,0.040313875,0.088611574,1.831064569
cereal patty (without soybean),0.74301255,0.39300959,0.13023448,0.15172195,0.021355895,0.080163416,1.519497881
"plant-based patty or steak from wheat and soybean (vegan), prepacked",0.30259819,0.80907291,0.23350323,0.22954886,0.046708858,0.088611574,1.710043622
soybean and wheat-based nuggets (vegan),0.36309548,0.618569,0.18483001,0.18046144,0.031912463,0.086850978,1.465719371
"red kidney bean, canned, drained",0.48574071,0.19721682,0.28100027,0.19938624,0.025346174,0.011045523,1.199735737
"red kidney bean, cooked",0.21029806,0,0.1139031,0.056411493,0.027863453,0.011045523,0.419521629
"red kidney bean, dried",0.49000391,0,0.26539933,0.13144131,0.064923095,0,0.951767645
"garden peas, raw",0.42662137,0,0,0.21936917,0.020190286,0,0.666180826
"soybean, whole grain",0.9232928,0.007536685,0.26539933,0.24987098,0.022706535,0,1.46880633
"plant-based spread-cheese type, with soybean, prepacked",0.37947665,1.7009885,0.18055336,0.41832514,0.035573861,0.006687562,2.721605073
"plant-based cheese, without soybean, prepacked, sliced",0.52170006,2.0993817,0.26266115,0.43476318,0.035573861,0.006687562,3.360767513
"plant-based cheese, without soybean, prepacked, shredded",0.52170006,2.1122117,0.26266115,0.43476318,0.035573861,0.006687562,3.373597513
mix of unsalted grains/nuts and dried fruit,1.2577556,0.08536668,0.28154442,0.25831293,0.026314938,0,1.909294568
mix of unsalted grains/nuts and raisins,1.2577556,0.08536668,0.28154442,0.25831293,0.026314938,0,1.909294568
mix of salted grains/nuts and raisins,1.2577556,0.08536668,0.28154442,0.25831293,0.026314938,0,1.909294568
"cashew nut, grilled, salted",2.5970342,0.19450093,0.34916639,0.45265508,0.022706535,0,3.616063135
"amaranth, raw",0.74547357,0,0.26539933,0.13144131,0.016099476,0,1.158413686
"oat, raw",0.74050597,0,0.26539933,0.13144131,0.016099476,0,1.153446086
"quinoa, raw",5.434591,0,0.26539933,0.35484422,0.016099476,0,6.070934026
"wild rice, raw",2.1584034,0,0.26539933,0.31515769,0.018819926,0,2.757780346
"abondance cheese, from cow's milk",5.1182235,0.40534942,0.26266115,0.21150363,0.03557378,0.006687562,6.039999042
"asiago cheese, from cow's milk",5.0253753,0.41481283,0.26266115,0.21150363,0.03557378,0.006687562,5.956614252
"beaufort cheese, from cow's milk",5.2492875,0.39273154,0.26266115,0.21150363,0.03557378,0.006687562,6.158445162
"gex blue cheese, or jura blue cheese or septmoncel blue cheese, from cow's milk",4.8008352,0.24336023,0.26266115,0.21150363,0.03557378,0.006687562,5.560621552
"brie de meaux cheese, from cow's milk",4.3211643,0.27020143,0.26266115,0.21150363,0.03557378,0.006687562,5.107791852
"brie de melun cheese, from cow's milk",4.3781965,0.26706996,0.26266115,0.21150363,0.03557378,0.006687562,5.161692582
"brie cheese, from cow's milk",4.4912627,0.26080701,0.26266115,0.21150363,0.03557378,0.006687562,5.268495832
"camembert cheese, from cow's milk, from raw milk",4.456254,0.26259642,0.26266115,0.21150363,0.03557378,0.006687562,5.235276542
"camembert cheese, from cow's milk",4.456254,0.26259642,0.26266115,0.21150363,0.03557378,0.006687562,5.235276542
"cantal cheese, half matured, from cow's milk",4.9700701,0.42112177,0.26266115,0.21150363,0.03557378,0.006687562,5.907617992
"cantal, salers or laguiole cheese, from cow's milk",5.0231102,0.41560145,0.26266115,0.21150363,0.03557378,0.006687562,5.955137772
"chabichou cheese, from goat's milk",6.0613288,0.29397361,0.26266115,0.21150363,0.03557378,0.006687562,6.871728532
"chaource cheese, from cow's milk",4.1645447,0.29301645,0.26266115,0.21150363,0.03557378,0.006687562,4.973987272
"cheddar cheese, from cow's milk",5.3517794,0.38405675,0.26266115,0.21150363,0.03557378,0.006687562,6.252262272
"chevrot cheese, from goat's milk",5.4699796,0.29397361,0.26266115,0.21150363,0.03557378,0.006687562,6.280379332
"comte cheese, from cow's milk",5.3937181,0.37932504,0.26266115,0.21150363,0.03557378,0.006687562,6.289469262
"coulommiers cheese, from cow's milk",4.7049818,0.24828111,0.26266115,0.21150363,0.03557378,0.006687562,5.469689032
"crottin de chavignol cheese, from goat's milk",6.0613288,0.29397361,0.26266115,0.21150363,0.03557378,0.006687562,6.871728532
"crottin cheese, from goat's milk, from raw milk",7.0961898,0.29397361,0.26266115,0.21150363,0.03557378,0.006687562,7.906589532
"crottin cheese, from goat's milk",7.0961898,0.29397361,0.26266115,0.21150363,0.03557378,0.006687562,7.906589532
"edam cheese, from cow's milk",5.0089587,0.41639006,0.26266115,0.21150363,0.03557378,0.006687562,5.941774882
"emmental cheese, from cow's milk",5.2846775,0.38957707,0.26266115,0.21150363,0.03557378,0.006687562,6.190680692
"emmental cheese, grated, from cow's milk",5.3188116,0.3864226,0.26266115,0.21150363,0.03557378,0.006687562,6.221660322
"feta cheese, from ewe's milk",4.7479417,0.29397361,0.26266115,0.21150363,0.03557378,0.006687562,5.558341432
"fontina cheese, from cow's milk",4.445018,0.26349113,0.26266115,0.21150363,0.03557378,0.006687562,5.224935252
"fourme d'ambert cheese, from cow's milk",4.7213535,0.24783376,0.26266115,0.21150363,0.03557378,0.006687562,5.485613382
fourme de montbrison cheese,4.8321434,0.24157081,0.26266115,0.21150363,0.03557378,0.006687562,5.590140332
"firm cheese, around 14% fat, maasdam-type cheese, reduced fat",4.5065019,0.46607297,0.26266115,0.21150363,0.03557378,0.006687562,5.489000992
"firm cheese, around 27% fat, maasdam-type cheese",4.8740373,0.42900795,0.26266115,0.21150363,0.03557378,0.006687562,5.819471372
"soft-ripened washed-rind cheese, from pasteurised milk (vieux panã©-type cheese)",4.6508876,0.25141259,0.26266115,0.21150363,0.03557378,0.006687562,5.418726312
"soft-ripened cheese, double cream, around 30% fat",4.5420937,0.25812289,0.26266115,0.21150363,0.03557378,0.006687562,5.316642712
soft-ripened cheese with bloomy rind (camembert-type cheese),4.6720139,0.25051788,0.26266115,0.21150363,0.03557378,0.006687562,5.438957902
"soft-ripened washed-rind cheese, reduced fat, around 13% fat",4.445018,0.26349113,0.26266115,0.21150363,0.03557378,0.006687562,5.224935252
"soft -ripened washed, bloomy and coloured rind cheese",4.445018,0.26349113,0.26266115,0.21150363,0.03557378,0.006687562,5.224935252
"soft-ripened cheese, triple cream, around 40% fat",4.445018,0.26349113,0.26266115,0.21150363,0.03557378,0.006687562,5.224935252
"hard cheese, emmental-type cheese, reduced fat",5.3188116,0.3864226,0.26266115,0.21150363,0.03557378,0.006687562,6.221660322
"blue cheese, from cow's milk",4.5845034,0.25543877,0.26266115,0.21150363,0.03557378,0.006687562,5.356368292
"auvergne blue cheese, from cow's milk",4.7151412,0.24783376,0.26266115,0.21150363,0.03557378,0.006687562,5.479401082
"bresse blue cheese, from cow's milk",4.5845034,0.25543877,0.26266115,0.21150363,0.03557378,0.006687562,5.356368292
"bresse blue cheese, from cow's milk, reduced fat, around 15% fat",4.3014958,0.27109614,0.26266115,0.21150363,0.03557378,0.006687562,5.089018062
"causses blue cheese, from cow's milk",4.7352584,0.24693905,0.26266115,0.21150363,0.03557378,0.006687562,5.498623572
"soft ripened cheese with bloomy rind, from ewe's milk, camembert-type cheese",4.7479417,0.29397361,0.26266115,0.21150363,0.03557378,0.006687562,5.558341432
"semi-hard cheese, from ewe's milk",3.9373469,0.38642648,0.26266115,0.21150363,0.03557378,0.006687562,4.840199502
"corsica soft ripened cheese, from ewe's milk",7.5175743,0.29397361,0.26266115,0.21150363,0.03557378,0.006687562,8.327974032
"soft-ripened cheese with bloomy rind, from goat's milk, camembert-type cheese",6.8005152,0.29397361,0.26266115,0.21150363,0.03557378,0.006687562,7.610914932
"soft-ripened cheese, from goat's milk, from pasteurised milk",6.8005152,0.29397361,0.26266115,0.21150363,0.03557378,0.006687562,7.610914932
"cheese, buche, from goat's milk",4.8786305,0.29397361,0.26266115,0.21150363,0.03557378,0.006687562,5.689030232
"cheese, buche, from goat's milk, light",5.396061,0.29397361,0.26266115,0.21150363,0.03557378,0.006687562,6.206460732
"cheese, semi-dry, from goat's milk",5.1088246,0.40693074,0.26266115,0.21150363,0.03557378,0.006687562,6.032181462
"cheese, from goat's milk, fresh, from raw milk",4.3612,0.29397361,0.26266115,0.21150527,0.03557378,0.006687562,5.171601372
"cheese, from goat's milk, fresh, from pasteurised milk",5.396061,0.29397361,0.26266115,0.21150527,0.03557378,0.006687562,6.206462372
"cheese, from goat's milk, fresh",4.9525491,0.29397361,0.26266115,0.21150527,0.03557378,0.006687562,5.762950472
"cheese, from goat's milk",5.396061,0.29397361,0.26266115,0.21150363,0.03557378,0.006687562,6.206460732
"cheese, from goat's milk, from raw milk",5.6178169,0.29397361,0.26266115,0.21150363,0.03557378,0.006687562,6.428216632
"cheese, from goat's milk, from pasteurised milk",5.396061,0.29397361,0.26266115,0.21150363,0.03557378,0.006687562,6.206460732
"cheese, dry, from goat's milk",4.93331,0.29810043,0.26266115,0.21150363,0.03557378,0.006687562,5.747836552
"processed cheese, double cream, around 31% fat",4.445018,0.26349113,0.26266115,0.21150363,0.03557378,0.006687562,5.224935252
"processed cheese, around 20% fat, in wedges or cubes",4.445018,0.26349113,0.26266115,0.21150363,0.03557378,0.006687562,5.224935252
"processed cheese, in slices",4.445018,0.26349113,0.26266115,0.21150363,0.03557378,0.006687562,5.224935252
"soft-ripened round cheese with bloomy rind, 5 to 11% fat, camembert-type cheese, reduced fat",4.1848973,0.27825379,0.26266115,0.21150363,0.03557378,0.006687562,4.979577212
"soft-ripened round cheese with bloomy rind, around 11% fat, coulommiers-type cheese, reduced fat",4.234349,0.27512232,0.26266115,0.21150363,0.03557378,0.006687562,5.025897442
"soft-ripened round cheese with bloomy rind, around 5% fat, camembert-type cheese, reduced fat",4.2616204,0.2733329,0.26266115,0.21150363,0.03557378,0.006687562,5.051379422
feta-type cheese from cow's milk,4.3659961,0.26796466,0.26266115,0.21150363,0.03557378,0.006687562,5.150386882
"feta-type cheese from cow's milk, in oil and spices",4.3659961,0.26796466,0.26266115,0.21150363,0.03557378,0.006687562,5.150386882
"gorgonzola cheese, from cow's milk",4.4738705,0.26170172,0.18055336,0.21150363,0.03557378,0.006687562,5.169890552
"gouda cheese, from cow's milk",5.0334827,0.41402421,0.26266115,0.21150363,0.03557378,0.006687562,5.963933032
"grana padano cheese, from cow's milk",5.2367284,0.39430877,0.26266115,0.21150363,0.03557378,0.006687562,6.147463292
"gruyere cheese, from cow's milk",5.3571395,0.38326813,0.26266115,0.21150363,0.03557378,0.006687562,6.256833752
"gruyere cheese, france, protected geographical indication, from cow's milk",5.2731724,0.39036569,0.26266115,0.21150363,0.03557378,0.006687562,6.179964212
"langres cheese, from cow's milk",4.2205115,0.27556967,0.26266115,0.21150363,0.03557378,0.006687562,5.012507292
"livarot cheese, from cow's milk",4.5732898,0.25588612,0.26266115,0.21150363,0.03557378,0.006687562,5.345602042
"maroilles ""fermier"" cheese",4.7151412,0.24783376,0.26266115,0.21150363,0.03557378,0.006687562,5.479401082
"maroilles ""laitier"" cheese",4.6003481,0.25454406,0.26266115,0.21150363,0.03557378,0.006687562,5.371318282
"maroilles cheese, from cow's milk",4.7072245,0.24872847,0.26266115,0.21150363,0.03557378,0.006687562,5.472379092
"mimolette cheese, half-old, from cow's milk",5.2492875,0.39273154,0.26266115,0.21150363,0.03557378,0.006687562,6.158445162
"mimolette cheese, extra old, from cow's milk",5.3569937,0.38247951,0.26266115,0.21150363,0.03557378,0.006687562,6.255899332
"mimolette cheese, young, from cow's milk",5.1427812,0.4045608,0.26266115,0.21150363,0.03557378,0.006687562,6.063768122
"mimolette cheese, old, from cow's milk",5.4746799,0.37380472,0.26266115,0.21150363,0.03557378,0.006687562,6.364910742
"mimolette cheese, from cow's milk",5.2492875,0.39273154,0.26266115,0.21150363,0.03557378,0.006687562,6.158445162
"vacherin cheese or mont d'or cheese, from cow's milk",4.3909126,0.2666226,0.26266115,0.21150363,0.03557378,0.006687562,5.173961322
"morbier cheese, from cow's milk",5.0148795,0.41639006,0.26266115,0.21150363,0.03557378,0.006687562,5.947695682
"mozzarella cheese, from cow's milk",3.8494775,0.29704263,0.26266115,0.21150363,0.03557378,0.006687562,4.662946252
"munster cheese, from cow's milk",4.5521411,0.25722818,0.26266115,0.21150363,0.03557378,0.006687562,5.325795402
"ossau-iraty cheese, from ewe's milk",4.4855436,0.31387294,0.26266115,0.21150363,0.03557378,0.006687562,5.315842662
"parmesan cheese, from cow's milk",5.2787231,0.39036569,0.26266115,0.21150363,0.03557378,0.006687562,6.185514912
"picodon cheese, from goat's milk",6.0613288,0.29397361,0.26266115,0.21150363,0.03557378,0.006687562,6.871728532
"pouligny saint-pierre cheese, from goat's milk",5.6917356,0.29397361,0.26266115,0.21150363,0.03557378,0.006687562,6.502135332
"provolone cheese, from cow's milk",4.9700701,0.42112177,0.26266115,0.21150363,0.03557378,0.006687562,5.907617992
"raclette cheese, from cow's milk",4.9957379,0.41875592,0.26266115,0.21150363,0.03557378,0.006687562,5.930919942
"reblochon cheese, from cow's milk",4.5845034,0.25543877,0.26266115,0.21150363,0.03557378,0.006687562,5.356368292
"rocamadour cheese, from goat's milk",5.2482237,0.29397361,0.26266115,0.21150363,0.03557378,0.006687562,6.058623432
"roquefort cheese, from ewe's milk",5.3131728,0.29397361,0.18055336,0.21150363,0.03557378,0.006687562,6.041464742
"sainte maure cheese, from goat's milk",5.396061,0.29397361,0.26266115,0.21150363,0.03557378,0.006687562,6.206460732
goat cheese from raw milk,5.6178169,0.29397361,0.26266115,0.21150363,0.03557378,0.006687562,6.428216632
"saint-felicien cheese, from cow's milk",4.0484844,0.2858588,0.26266115,0.21150363,0.03557378,0.006687562,4.850769322
"saint-marcellin cheese, from cow's milk",3.9334446,0.29167439,0.26266115,0.21150363,0.03557378,0.006687562,4.741545112
"saint-nectaire cheese, from cow's milk, milk collected in an unique farm",4.4518358,0.47080468,0.26266115,0.21150363,0.03557378,0.006687562,5.439066602
"saint-nectaire cheese, from cow's milk, milks collected in many farms",4.4518358,0.47080468,0.26266115,0.21150363,0.03557378,0.006687562,5.439066602
"saint-nectaire cheese, from cow's milk",4.4518358,0.47080468,0.26266115,0.21150363,0.03557378,0.006687562,5.439066602
"saint-paulin cheese, from cow's milk (semi-hard cheese)",4.763965,0.44083721,0.26266115,0.21150363,0.03557378,0.006687562,5.721228332
"salers cheese, from cow's milk",5.0532747,0.41323559,0.26266115,0.21150363,0.03557378,0.006687562,5.982936412
"selles-sur-cher cheese, from goat's milk",5.6917356,0.29397361,0.26266115,0.21150363,0.03557378,0.006687562,6.502135332
"processed cheese snack w breadsticks, for children",4.3811181,0.44859949,0.18578351,0.21425449,0.037393191,0.006687562,5.273836343
processed cheese with fresh cream cheese and walnuts,4.5364047,0.45863164,0.18578351,0.21711751,0.037393191,0.006687562,5.442018113
"uncured soft cheese, spreadable, around 30-40% fat, flavoured (ex : garlic and herbs)",4.1848973,0.27825379,0.26266115,0.21150363,0.03557378,0.006687562,4.979577212
"uncured soft cheese, spreadable, around 20% fat, in a tub",3.7733599,0.30106881,0.26266115,0.21150363,0.03557378,0.006687562,4.590854832
"uncured soft cheese, spreadable, around 25% fat, in a tub",4.1848973,0.27825379,0.26266115,0.21150363,0.03557378,0.006687562,4.979577212
tomme cheese (pdo) from the french bauges munntains,5.0089587,0.23128169,0.26266115,0.21150363,0.03557378,0.006687562,5.756666512
"tomme cheese, from mountain or savoy",4.9285575,0.23575522,0.26266115,0.21150363,0.03557378,0.006687562,5.680738842
"tomme cheese, from cow's milk",4.9754526,0.23351845,0.26266115,0.21150363,0.03557378,0.006687562,5.725397172
"tomme cheese, reduced fat, around 13% fat",4.9285575,0.23575522,0.26266115,0.21150363,0.03557378,0.006687562,5.680738842
