code,SOURCE,GROUP,PRODUCT,AGRICULTURE,TRANSFORMATION,PACKAGING,TRANSPORT,SUPERMARKET AND DISTRIBUTION,CONSUMPTION,TOTAL IMPACT,LEVEL
30352,beef,deli meats,"salami, pork and beef",5.1518328,0.64278064,0.098456598,0.20498679,0.037393191,0.006687562,6.142137581,1
30152,beef,deli meats,"merguez sausage, pure beef, raw",29.803955,0.11797113,0.27761401,0.20976478,0.037393191,0.006687562,30.45338567,3
30153,beef,deli meats,"merguez sausage, pork and beef, raw",23.726495,0.51515612,0.48156728,0.21333977,0.037393191,0.006687562,24.98063892,3
30154,beef,deli meats,"merguez sausage, beef, mutton and pork, raw",31.371255,0.32208615,0.37872644,0.21170653,0.037393191,0.006687562,32.32785487,4
30156,beef,deli meats,"merguez sausage, beef and mutton, raw",38.887532,0.13226106,0.27761401,0.21010073,0.037393191,0.006687562,39.55158855,4
30052,beef,deli meats,"sausage meat, pork and beef, raw",4.3644895,0.25179252,0.23089041,0.20129786,0.036974137,0.006687562,5.092131989,1
6260,beef,other meat products,"burger, beef based, 15% fat, raw",15.896356,0.27679941,0.26924245,0.20839781,0.036974137,0.006687562,16.69445737,2
6231,beef,raw meats,"beef, stewing meat, raw",27.221359,0.11569742,0.27564225,0.20348266,0.036974137,0.006687562,27.85984303,3
40402,beef,raw meats,"kidney, beef, raw",21.517062,0.052216317,0.27564225,0.20049102,0.036974137,0.006687562,22.08907329,3
40202,beef,raw meats,"tongue, beef, raw",21.517062,0.052216317,0.27564225,0.20049102,0.036974137,0.006687562,22.08907329,3
40052,beef,raw meats,"heart, beef, raw",21.517062,0.052216317,0.27564225,0.20049102,0.036974137,0.006687562,22.08907329,3
6160,beef,raw meats,"beef, topside, raw",27.221359,0.11569742,0.27564225,0.20348266,0.036974137,0.006687562,27.85984303,3
6201,beef,raw meats,"beef, steak or beef steak, raw",27.221359,0.11569742,0.27564225,0.20348266,0.036974137,0.006687562,27.85984303,3
6250,beef,raw meats,"beef, minced steak, 5% fat, raw",33.395913,0.25100959,0.26918334,0.20672094,0.036974137,0.006687562,34.16648857,4
6256,beef,raw meats,"beef, minced steak, 20% fat, raw",33.395913,0.25100959,0.26918334,0.20672094,0.036974137,0.006687562,34.16648857,4
6254,beef,raw meats,"beef, minced steak, 15% fat, raw",33.395913,0.25100959,0.26918334,0.20672094,0.036974137,0.006687562,34.16648857,4
6252,beef,raw meats,"beef, minced steak, 10% fat, raw",33.395913,0.25100959,0.26918334,0.20672094,0.036974137,0.006687562,34.16648857,4
6206,beef,raw meats,"beef, rump steak, raw",27.221359,0.11569742,0.27564225,0.20348266,0.036974137,0.006687562,27.85984303,3
6212,beef,raw meats,"beef, flank steak, raw",27.221359,0.11569742,0.27564225,0.20348266,0.036974137,0.006687562,27.85984303,3
6202,beef,raw meats,"beef, bolar-blade, raw",27.221359,0.11569742,0.29772333,0.20351988,0.036974137,0.008359452,27.88363322,3
6001,beef,raw meats,"beef, rib, raw",27.221359,0.066059163,0.34455281,0.25078423,0.046217671,0.08872985,28.01770272,3
6103,beef,raw meats,"beef, rib steak, raw",27.221359,0.066059163,0.34455281,0.25078423,0.046217671,0.08872985,28.01770272,3
6002,beef,raw meats,"beef, shoulder, raw",27.221359,0.11569742,0.27564225,0.20348266,0.036974137,0.006687562,27.85984303,3
6111,beef,raw meats,"beef, sirloin steak, raw",27.221359,0.11569742,0.27564225,0.20348266,0.036974137,0.006687562,27.85984303,3
40600,beef,raw meats,"blood, beef, raw",26.896328,0.065270396,0.2306872,0.25061377,0.046217671,0.08872985,27.57784689,3
6112,beef,raw meats,"beef, sirloin steak, red label, raw",27.221359,0.11569742,0.27564225,0.20348266,0.036974137,0.006687562,27.85984303,3
6130,beef,raw meats,"beef, thin flank, raw",27.221359,0.11569742,0.27564225,0.20348266,0.036974137,0.006687562,27.85984303,3
6150,beef,raw meats,"beef, knuckle, raw",27.221359,0.066059163,0.34455281,0.25078423,0.046217671,0.08872985,28.01770272,3
6140,beef,raw meats,"beef, cheek, raw",27.221359,0.11569742,0.27564225,0.20348266,0.036974137,0.006687562,27.85984303,3
6204,beef,raw meats,"beef, hanger steak, raw",27.221359,0.11569742,0.27564225,0.20348266,0.036974137,0.006687562,27.85984303,3
6270,beef,raw meats,"beef, chuck, raw",34.026699,0.14462178,0.34455281,0.25435333,0.046217671,0.08872985,34.90517444,4
6122,beef,raw meats,"beef, short ribs, raw",27.221359,0.066059163,0.34455281,0.25078423,0.046217671,0.08872985,28.01770272,3
6102,beef,raw meats,"beef, round, raw",27.221359,0.11569742,0.27564225,0.20348266,0.036974137,0.006687562,27.85984303,3
40502,beef,raw meats,"tripe, beef, raw",26.896328,0.065270396,0.34455281,0.25061377,0.046217671,0.08872985,27.6917125,3
21514,lamb,raw meats,"lamb, neck, raw",40.546904,0.066555182,0.34455281,0.25398787,0.046217671,0.08872985,41.34694738,4
21516,lamb,raw meats,"lamb, chop fillet, raw",40.546904,0.066555182,0.34455281,0.25398787,0.046217671,0.08872985,41.34694738,4
21517,lamb,raw meats,"lamb, rib chop, raw",40.546904,0.066555182,0.34455281,0.25398787,0.046217671,0.08872985,41.34694738,4
21500,lamb,raw meats,"lamb, cutlet, raw",40.546904,0.066555182,0.32247173,0.25395065,0.046217671,0.087057959,41.32315719,4
21504,lamb,raw meats,"lamb, shoulder, raw",32.437523,0.053244146,0.27564225,0.2031903,0.036974137,0.006687562,33.01326139,4
21505,lamb,raw meats,"lamb, shoulder, lean, raw",32.437523,0.053244146,0.27564225,0.2031903,0.036974137,0.006687562,33.01326139,4
21502,lamb,raw meats,"lamb, leg, raw",40.546904,0.066555182,0.34455281,0.25398787,0.046217671,0.08872985,41.34694738,4
21515,lamb,raw meats,"lamb, saddle, raw",40.546904,0.066555182,0.34455281,0.25398787,0.046217671,0.08872985,41.34694738,4
40002,lamb,raw meats,"brain, lamb, raw",21.06315,0.03457383,0.27564225,0.19828674,0.036974137,0.006687562,21.61531452,3
40058,lamb,raw meats,"heart, lamb, raw",21.06315,0.03457383,0.27564225,0.19828674,0.036974137,0.006687562,21.61531452,3
40102,lamb,raw meats,"liver, lamb, raw",21.06315,0.03457383,0.27564225,0.19828674,0.036974137,0.006687562,21.61531452,3
40302,lamb,raw meats,"sweetbread, lamb, raw",26.328937,0.043217288,0.34455281,0.24785842,0.046217671,0.08872985,27.09951304,3
40407,lamb,raw meats,"kidney, lamb, raw",21.06315,0.03457383,0.27564225,0.19828674,0.036974137,0.006687562,21.61531452,3
30302,pork,deli meats,"dry sausage, pure pork, superior quality",5.0981679,0.63608501,0.098236763,0.20333048,0.036974137,0.006687562,6.079481852,1
28502,pork,deli meats,"pork belly, smoked, raw",5.587654,0.27620305,0.16977722,0.20468657,0.036974137,0.006687562,6.281982539,1
8312,pork,deli meats,"pork liver mousse, superior quality",4.2891728,0.53616527,0.42841844,0.20847516,0.037393191,0.006687562,5.506312423,1
8313,pork,deli meats,pork liver mousse,4.2891728,0.53616527,0.42841844,0.20847516,0.037393191,0.006687562,5.506312423,1
30153,pork,deli meats,"merguez sausage, pork and beef, raw",23.726495,0.51515612,0.48156728,0.21333977,0.037393191,0.006687562,24.98063892,3
30154,pork,deli meats,"merguez sausage, beef, mutton and pork, raw",31.371255,0.32208615,0.37872644,0.21170653,0.037393191,0.006687562,32.32785487,4
8000,pork,deli meats,"rillettes, pork",4.2891728,0.53616527,0.33455704,0.12910993,0.017321188,0.006687562,5.31301379,1
8001,pork,deli meats,"rillettes, pure pork",4.2891728,0.53616527,0.33455704,0.12910993,0.017321188,0.006687562,5.31301379,1
28700,pork,deli meats,"pork ham, intended to be cooked or pork ham, intended to be roast/bake",5.8902263,0.48164956,0.47907012,0.20550955,0.036974137,0.006687562,7.100117229,1
28924,pork,deli meats,"cooked pork shoulder, standard, rind less and fatless",5.8902263,0.48164956,0.47907012,0.20550955,0.036974137,0.006687562,7.100117229,1
28911,pork,deli meats,"cooked pork shoulder, choice",5.8902263,0.48164956,0.47907012,0.20550955,0.036974137,0.006687562,7.100117229,1
8120,pork,deli meats,preserved pork liver,1.4965593,0.10480963,0.27761401,0.19485162,0.037393191,0.006687562,2.117915313,1
30351,pork,deli meats,"salami, pure pork",5.0981679,0.63608501,0.098236763,0.20333048,0.036974137,0.006687562,6.079481852,1
30316,pork,deli meats,dry spicy pork sausage with red pepper,5.0981679,0.63608501,0.098236763,0.20333048,0.036974137,0.006687562,6.079481852,1
30051,pork,deli meats,"sausage meat, pure pork, raw",4.3644895,0.25179252,0.23089041,0.20129786,0.036974137,0.006687562,5.092131989,1
30052,pork,deli meats,"sausage meat, pork and beef, raw",4.3644895,0.25179252,0.23089041,0.20129786,0.036974137,0.006687562,5.092131989,1
30750,pork,deli meats,"viennese sausage, pork and veal, raw",14.10395,1.0048785,0.7399657,0.21938611,0.037393191,0.006687562,16.11226106,2
30352,pork,deli meats,"salami, pork and beef",5.1518328,0.64278064,0.098456598,0.20498679,0.037393191,0.006687562,6.142137581,1
30301,pork,deli meats,"dry sausage, pure pork",5.0981679,0.63608501,0.098236763,0.20333048,0.036974137,0.006687562,6.079481852,1
25566,pork,other meat products,"pork on skewer, raw",5.5630553,0.56285425,0.53428401,0.2494637,0.037393191,0.006687562,6.953738013,1
28302,pork,raw meats,"pork, loin, raw",8.7606538,0.9189616,0.46448625,0.21347719,0.036974137,0.006687562,10.40124054,2
40005,pork,raw meats,"brain, pork, raw",1.4809702,0.10371786,0.27564225,0.19330089,0.036974137,0.006687562,2.097292899,1
40060,pork,raw meats,"heart, pork, raw",1.4809702,0.10371786,0.27564225,0.19330089,0.036974137,0.006687562,2.097292899,1
40119,pork,raw meats,"liver, pork, raw",1.4809702,0.10371786,0.27564225,0.19330089,0.036974137,0.006687562,2.097292899,1
40404,pork,raw meats,"kidney, pork, raw",1.4809702,0.10371786,0.27564225,0.19330089,0.036974137,0.006687562,2.097292899,1
40205,pork,raw meats,"tongue, pork, raw",1.4809702,0.10371786,0.27564225,0.19330089,0.036974137,0.006687562,2.097292899,1
28470,pork,raw meats,"pork, back fat, rindless, raw",1.1542558,0.057139359,0.27564225,0.19240409,0.036974137,0.006687562,1.723103198,1
28400,pork,raw meats,"pork, spare-ribs, raw",8.7606538,0.86932334,0.473707,0.26077877,0.046217671,0.08872985,10.49941043,2
28102,pork,raw meats,"pork, round steak, raw",8.7606538,0.9189616,0.46448625,0.21347719,0.036974137,0.006687562,10.40124054,2
28300,pork,raw meats,"pork, roast, raw",8.7606538,0.9189616,0.46448625,0.21347719,0.036974137,0.006687562,10.40124054,2
28002,pork,raw meats,"pork, belly, raw",8.7606538,0.9189616,0.46448625,0.21347719,0.036974137,0.006687562,10.40124054,2
28479,pork,raw meats,"pork, belly, flank removed, raw",5.587654,0.27620305,0.27564225,0.20468657,0.036974137,0.006687562,6.387847569,1
28100,pork,raw meats,"pork, chop, raw",8.7606538,0.86932334,0.473707,0.26077877,0.046217671,0.08872985,10.49941043,2
28477,pork,raw meats,"pork, shoulder upper half, without rind, fat and bone, raw",8.7606538,0.9189616,0.46448625,0.21347719,0.036974137,0.006687562,10.40124054,2
28476,pork,raw meats,"pork, 80/20 trimming, raw",8.7606538,0.9189616,0.46448625,0.21347719,0.036974137,0.006687562,10.40124054,2
28003,pork,raw meats,"pork loin, raw",8.7606538,0.9189616,0.46448625,0.21347719,0.036974137,0.006687562,10.40124054,2
28004,pork,raw meats,"pork, knuckle or shank, raw",8.7606538,0.86932334,0.473707,0.26077877,0.046217671,0.08872985,10.49941043,2
28474,pork,raw meats,"pork, knuckle oh ham, without rind, fat and bone, raw",8.7606538,0.86932334,0.473707,0.26077877,0.046217671,0.08872985,10.49941043,2
28473,pork,raw meats,"pork, way leg, without rind, fat and bone, raw",10.950817,1.148702,0.58060782,0.26684649,0.046217671,0.08872985,13.08192083,2
28472,pork,raw meats,"pork, shoulder lower half, without rind, fat and bone, raw",8.7606538,0.9189616,0.46448625,0.21347719,0.036974137,0.006687562,10.40124054,2
28471,pork,raw meats,"pork, jowl, rindless, raw",5.587654,0.27620305,0.27564225,0.20468657,0.036974137,0.006687562,6.387847569,1
28201,pork,raw meats,"pork tenderloin, lean, raw",8.7606538,0.9189616,0.46448625,0.21347719,0.036974137,0.006687562,10.40124054,2
28204,pork,raw meats,"pork filet mignon, raw",8.7606538,0.9189616,0.46448625,0.21347719,0.036974137,0.006687562,10.40124054,2
28104,pork,raw meats,"pork, rack, raw",8.7606538,0.86932334,0.473707,0.26077877,0.046217671,0.08872985,10.49941043,2
28001,pork,raw meats,"pork, shoulder, raw",7.008523,0.69545867,0.3789656,0.20862301,0.036974137,0.006687562,8.335231979,2
28475,pork,raw meats,"pork, 90/10 trimming, raw",8.7606538,0.9189616,0.46448625,0.21347719,0.036974137,0.006687562,10.40124054,2
28460,pork,raw meats,"pork, ham escalope, raw",8.7606538,0.9189616,0.46448625,0.21347719,0.036974137,0.006687562,10.40124054,2
28963,chicken,deli meats,"chicken cooked ham, in slices",5.1782299,1.0798426,0.27564225,0.24399676,0.036974137,0.006687562,6.821373209,1
40054,chicken,raw meats,"heart, chicken, raw",1.1045307,0.21974541,0.27564225,0.20089325,0.036974137,0.006687562,1.844473309,1
36029,chicken,raw meats,"chicken, breast, meat and skin, raw",5.1782298,1.0798426,0.27564225,0.24399676,0.036974137,0.006687562,6.821373109,1
36022,chicken,raw meats,"chicken, drumstick, raw",5.1782298,1.0302043,0.34455281,0.29129833,0.046217671,0.08872985,6.979232761,1
36019,chicken,raw meats,"chicken high leg, meat, raw",5.1782299,1.0302043,0.34455281,0.29129833,0.046217671,0.08872985,6.979232861,1
36017,chicken,raw meats,"chicken, breast, without skin, raw",5.1782298,1.0798426,0.27564225,0.24399676,0.036974137,0.006687562,6.821373109,1
36024,chicken,raw meats,"chicken, leg, meat, raw",5.1782298,1.0302043,0.34455281,0.29129833,0.046217671,0.08872985,6.979232761,1
36002,chicken,raw meats,"chicken, leg, meat and skin, raw",5.1782298,1.0302043,0.34455281,0.29129833,0.046217671,0.08872985,6.979232761,1
36023,chicken,raw meats,"chicken, wing, meat and skin, raw",5.1782298,1.0302043,0.34455281,0.29129833,0.046217671,0.08872985,6.979232761,1
36008,chicken,raw meats,"chicken, free-range, meat and skin, raw",5.1782298,1.0302043,0.34455281,0.29129833,0.046217671,0.08872985,6.979232761,1
36020,chicken,raw meats,"chicken, eviscerated without offal, raw",5.1782298,1.0302043,0.34455281,0.29129833,0.046217671,0.08872985,6.979232761,1
36007,chicken,raw meats,"chicken, white race, meat and skin, raw",5.1782298,1.0302043,0.34455281,0.29129833,0.046217671,0.08872985,6.979232761,1
36014,chicken,raw meats,"chicken, stewing, leg, raw",5.1782298,1.0302043,0.34455281,0.29129833,0.046217671,0.08872985,6.979232761,1
40700,chicken,raw meats,"gizzard, chicken, raw",1.1045307,0.21974541,0.27564225,0.20089325,0.036974137,0.006687562,1.844473309,1
40111,chicken,raw meats,"liver, chicken, raw",1.1045307,0.21974541,0.27564225,0.20089325,0.036974137,0.006687562,1.844473309,1
36016,chicken,raw meats,"chicken, meat and skin, raw",4.1425839,0.82416344,0.27564225,0.23303866,0.036974137,0.006687562,5.519089949,1
36003,chicken,raw meats,"chicken, meat, raw",4.1425839,0.82416344,0.27564225,0.23303866,0.036974137,0.006687562,5.519089949,1
26079,fish,raw fish,"common anchovy, raw",0.92334433,0,0.27564225,0.90555681,0.036974137,0.006687562,2.148205089,1
26206,fish,raw fish,"mediterranean bass, raw, farmed",11.359006,0,0.27564225,1.0022641,0.036974137,0.006687562,12.68057405,2
26205,fish,raw fish,"mediterranean bass, raw, wild",7.722585,0,0.27564225,1.0022641,0.036974137,0.006687562,9.044153049,2
26072,fish,raw fish,"european bass, raw",11.359006,0,0.27564225,1.0022641,0.036974137,0.006687562,12.68057405,2
26075,fish,raw fish,"atlantic bass, raw",11.359006,0,0.27564225,1.0022641,0.036974137,0.006687562,12.68057405,2
26001,fish,raw fish,"american bass, raw",11.359006,0,0.27564225,1.0022641,0.036974137,0.006687562,12.68057405,2
26100,fish,raw fish,"bogue, raw",0.28644409,0,0.27564225,0.90555681,0.036974137,0.006687562,1.511304849,1
26101,fish,raw fish,"bonito, raw",7.2913297,0,0.27564225,0.78735897,0.036974137,0.006687562,8.397992619,2
26170,fish,raw fish,"freshwater bream, raw",11.359006,0,0.27564225,1.0022644,0.036974137,0.006687562,12.68057435,2
26043,fish,raw fish,"cod, raw",9.3555545,0,0.27564225,1.1741883,0.036974137,0.006687562,10.84904675,2
26108,fish,raw fish,"capelin, raw",7.2913297,0,0.27564225,0.78735897,0.036974137,0.006687562,8.397992619,2
26157,fish,raw fish,"crevalle jack, raw",3.1435678,0,0.27564225,0.78735897,0.036974137,0.006687562,4.250230719,1
26084,fish,raw fish,"megrim, raw",9.3555545,0,0.27564225,1.1741883,0.036974137,0.006687562,10.84904675,2
27003,fish,raw fish,"carp, raw, farmed",5.4155702,0,0.27564225,0.90555681,0.036974137,0.006687562,6.640430959,1
26236,fish,raw fish,"horse mackerel, oily (autumn, winter), raw",1.0572894,0,0.27564225,0.87690279,0.036974137,0.006687562,2.253496139,1
26235,fish,raw fish,"horse mackerel, lean (spring, summer), raw",1.0572894,0,0.27564225,0.87690279,0.036974137,0.006687562,2.253496139,1
26113,fish,raw fish,"horse mackerel, raw",1.0572894,0,0.27564225,0.87690279,0.036974137,0.006687562,2.253496139,1
26127,fish,raw fish,"conger, raw",9.3555545,0,0.27564225,1.1741883,0.036974137,0.006687562,10.84904675,2
26107,fish,raw fish,"brown meagre, raw",3.1435678,0,0.27564225,0.78735897,0.036974137,0.006687562,4.250230719,1
26159,fish,raw fish,"bigeye scad, raw",1.0572894,0,0.27564225,0.87690279,0.036974137,0.006687562,2.253496139,1
26103,fish,raw fish,"common dentex, raw",9.3555545,0,0.27564225,1.1741883,0.036974137,0.006687562,10.84904675,2
26099,fish,raw fish,"black seabream, raw",5.3654111,0,0.27564225,1.0488269,0.036974137,0.006687562,6.733541949,1
26109,fish,raw fish,"blackspot seabream, raw",5.3654111,0,0.27564225,1.0488269,0.036974137,0.006687562,6.733541949,1
26088,fish,raw fish,"gilthead seabream, raw, farmed",11.359006,0,0.27564225,1.0022641,0.036974137,0.006687562,12.68057405,2
26080,fish,raw fish,"gilthead seabream, raw, wild",7.722585,0,0.27564225,1.0022641,0.036974137,0.006687562,9.044153049,2
26122,fish,raw fish,"haddock, raw",9.3555545,0,0.27564225,1.1741883,0.036974137,0.006687562,10.84904675,2
26241,fish,raw fish,"blue shark, fillet, without skin, raw",9.3555545,0,0.27564225,1.1741883,0.036974137,0.006687562,10.84904675,2
26083,fish,raw fish,"pond smelt, raw",0.71037021,0,0.27564225,0.90555681,0.036974137,0.006687562,1.935230969,1
26082,fish,raw fish,"swordfish, raw",3.1435678,0,0.27564225,0.78735897,0.036974137,0.006687562,4.250230719,1
26009,fish,raw fish,"atlantic halibut, raw",3.1435678,0,0.27564225,0.78735897,0.036974137,0.006687562,4.250230719,1
26154,fish,raw fish,"greenland halibut, raw",9.3555545,0,0.27564225,1.1741883,0.036974137,0.006687562,10.84904675,2
26128,fish,raw fish,"roundnose grenadier, raw",9.3555545,0,0.27564225,1.1741883,0.036974137,0.006687562,10.84904675,2
26214,fish,raw fish,"blue grenadier, raw",5.3830611,0,0.27564225,1.0846444,0.036974137,0.006687562,6.787009449,1
26219,fish,raw fish,"tub gurnard, raw",9.3555545,0,0.27564225,1.1741883,0.036974137,0.006687562,10.84904675,2
26106,fish,raw fish,"red gurnard, raw",5.3654111,0,0.27564225,1.0488269,0.036974137,0.006687562,6.733541949,1
26238,fish,raw fish,"atlantic herring, oily, raw",1.0832105,0,0.27564225,0.90555681,0.036974137,0.006687562,2.308071259,1
26237,fish,raw fish,"atlantic herring, lean, raw",1.0832105,0,0.27564225,0.90555681,0.036974137,0.006687562,2.308071259,1
26011,fish,raw fish,"atlantic herring, raw",1.0832105,0,0.27564225,0.90555681,0.036974137,0.006687562,2.308071259,1
26213,fish,raw fish,"grenadier, from any fishing spot, raw",9.3555545,0,0.27564225,1.1741883,0.036974137,0.006687562,10.84904675,2
26240,fish,raw fish,"big-scale sand smelt (whole small fish), to fry, raw",0.28644409,0,0.27564225,0.90555681,0.036974137,0.006687562,1.511304849,1
26130,fish,raw fish,"ling, raw",9.3555545,0,0.27564225,1.1741883,0.036974137,0.006687562,10.84904675,2
26129,fish,raw fish,"pollack, raw",9.3555545,0,0.27564225,1.1741883,0.036974137,0.006687562,10.84904675,2
26134,fish,raw fish,"saithe, raw",4.6079003,0,0.27564225,0.95570134,0.036974137,0.006687562,5.882905589,1
26047,fish,raw fish,"saithe, frozen, raw",2.8637885,0.46078456,0.26918334,0.66557938,0.066174622,0.025304288,4.35081469,1
26006,fish,raw fish,"alaska pollock, raw",9.3555545,0,0.27564225,1.1741883,0.036974137,0.006687562,10.84904675,2
26057,fish,raw fish,"common dab, raw",9.3555545,0,0.27564225,1.1741883,0.036974137,0.006687562,10.84904675,2
26135,fish,raw fish,"lemon sole, raw",9.3555545,0,0.27564225,1.1741883,0.036974137,0.006687562,10.84904675,2
26194,fish,raw fish,"blue ling, raw",9.3555545,0,0.27564225,1.1741883,0.036974137,0.006687562,10.84904675,2
26018,fish,raw fish,"anglerfish, raw",9.3555545,0,0.27564225,1.1741883,0.036974137,0.006687562,10.84904675,2
26172,fish,raw fish,spotted wolffish,9.3555545,0,0.27564225,1.1741883,0.036974137,0.006687562,10.84904675,2
26102,fish,raw fish,"atlantic chub mackerel, raw",1.0572894,0,0.27564225,0.87690279,0.036974137,0.006687562,2.253496139,1
26051,fish,raw fish,"mackerel, raw",1.0572894,0,0.27564225,0.87690279,0.036974137,0.006687562,2.253496139,1
26095,fish,raw fish,"whiting, raw",9.3555545,0,0.27564225,1.1741883,0.036974137,0.006687562,10.84904675,2
26233,fish,raw fish,"shallow-water cape hake, raw",5.3830611,0,0.26918334,1.0846444,0.036974137,0.006687562,6.780550539,1
26044,fish,raw fish,"european hake, raw",5.3830611,0,0.27564225,1.0846444,0.036974137,0.006687562,6.787009449,1
26048,fish,raw fish,"hake, fillet, frozen, raw",5.3830611,0.46078456,0.26918334,1.0846444,0.066174622,0.025304288,7.28915231,1
26178,fish,raw fish,"grouper, raw",3.1435678,0,0.27564225,0.78735897,0.036974137,0.006687562,4.250230719,1
26098,fish,raw fish,"cod, salted, dried",9.3555545,0,0.27564225,1.1741883,0.036974137,0.006687562,10.84904675,2
26091,fish,raw fish,"mullet, raw",9.3555545,0,0.27564225,1.1741883,0.036974137,0.006687562,10.84904675,2
26171,fish,raw fish,"arctic char, raw",4.0724,0,0.27564225,0.90555681,0.036974137,0.006687562,5.297260759,1
26166,fish,raw fish,"garfish, raw",0.71037021,0,0.27564225,0.90555681,0.036974137,0.006687562,1.935230969,1
27017,fish,raw fish,"brown bullhead, raw",11.359006,0,0.27564225,1.0022641,0.036974137,0.006687562,12.68057405,2
27025,fish,raw fish,"nile perch, raw",5.4155702,0,0.27564225,0.90555681,0.036974137,0.006687562,6.640430959,1
27010,fish,raw fish,"european perch, raw",4.0724,0,0.27564225,0.90555681,0.036974137,0.006687562,5.297260759,1
26055,fish,raw fish,"european plaice, raw",9.3555545,0,0.27564225,1.1741883,0.036974137,0.006687562,10.84904675,2
26052,fish,raw fish,"ray, raw",9.3555545,0,0.27564225,1.1741883,0.036974137,0.006687562,10.84904675,2
26063,fish,raw fish,"spiny scorpionfish, raw",9.3555545,0,0.27564225,1.1741883,0.036974137,0.006687562,10.84904675,2
26162,fish,raw fish,"shark, raw",9.3555545,0,0.27564225,1.1741883,0.036974137,0.006687562,10.84904675,2
26085,fish,raw fish,"surmullet or red mullet, raw",5.3654111,0,0.27564225,1.0488269,0.036974137,0.006687562,6.733541949,1
26110,fish,raw fish,"surmullet or red mullet, steamed",6.5514783,0,0.33657517,1.2806785,0.045147566,0.094234908,8.308114444,2
26244,fish,raw fish,"surmullet or red mullet, fillet with skin, frozen, raw (from thailand or senegal)",5.3654111,0.46078456,0.26918334,1.3652074,0.066174622,0.025304288,7.55206531,1
26074,fish,raw fish,"nursehound or lesser spotted dogfish, raw",9.3555545,0,0.27564225,1.1741883,0.036974137,0.006687562,10.84904675,2
26153,fish,raw fish,"largehead hairtail, raw",9.3555545,0,0.27564225,1.1741883,0.036974137,0.006687562,10.84904675,2
26104,fish,raw fish,"john dory, raw",9.3555545,0,0.27564225,1.1741883,0.036974137,0.006687562,10.84904675,2
26065,fish,raw fish,"european pilchard or sardine, raw",0.71037021,0,0.27564225,0.90555681,0.036974137,0.006687562,1.935230969,1
26036,fish,raw fish,"salmon, raw, farmed",5.2222317,0.028870642,0.27564225,0.78427194,0.036974137,0.006687562,6.354678231,1
26111,fish,raw fish,"salema, raw",5.3654111,0,0.27564225,1.0488269,0.036974137,0.006687562,6.733541949,1
26210,fish,raw fish,"golden redfish, raw",9.3555545,0,0.27564225,1.1741883,0.036974137,0.006687562,10.84904675,2
26200,fish,raw fish,"tonguesole, raw",5.3654111,0,0.27564225,1.0488269,0.036974137,0.006687562,6.733541949,1
26058,fish,raw fish,"common sole, raw",5.3654111,0,0.27564225,1.0488269,0.036974137,0.006687562,6.733541949,1
26173,fish,raw fish,"european sprat, raw",0.71037021,0,0.27564225,0.90555681,0.036974137,0.006687562,1.935230969,1
26133,fish,raw fish,"pouting, raw",9.3555545,0,0.27564225,1.1741883,0.036974137,0.006687562,10.84904675,2
26064,fish,raw fish,"yellowfin tuna, raw",3.2937992,0,0.27564225,0.78735897,0.036974137,0.006687562,4.400462119,1
26076,fish,raw fish,"albacore, raw",7.2913297,0,0.27564225,0.78735897,0.036974137,0.006687562,8.397992619,2
26068,fish,raw fish,"skipjack tuna, raw",3.2716502,0,0.27564225,0.78735897,0.036974137,0.006687562,4.378313119,1
26053,fish,raw fish,"tuna, raw",3.2937992,0,0.27564225,0.78735897,0.036974137,0.006687562,4.400462119,1
27009,fish,raw fish,"rainbow trout, raw, farmed",5.4155702,0,0.27564225,0.90555681,0.036974137,0.006687562,6.640430959,1
26092,fish,raw fish,"sea trout, raw",5.4155702,0,0.27564225,0.90555681,0.036974137,0.006687562,6.640430959,1
27008,fish,raw fish,"trout, farmed, raw",4.9281689,0,0.27564225,0.84108526,0.036974137,0.006687562,6.088558109,1
27021,fish,raw fish,"salmon trout, raw",5.4155702,0,0.27564225,0.90555681,0.036974137,0.006687562,6.640430959,1
26201,fish,raw fish,"turbot, raw, farmed",11.359006,0,0.27564225,1.0022641,0.036974137,0.006687562,12.68057405,2
26042,fish,raw fish,"turbot, raw, wild",7.722585,0,0.27564225,1.0022641,0.036974137,0.006687562,9.044153049,2
26174,fish,raw fish,"turbot, raw",11.359006,0,0.27564225,1.0022641,0.036974137,0.006687562,12.68057405,2
26146,fish,raw fish,"snapper, raw",3.1435678,0,0.27564225,0.78735897,0.036974137,0.006687562,4.250230719,1
10059,shrimp,raw shellfish,"deep water pink shrimp, raw",7.2039694,1.1695713,0.61253833,1.3542844,0.082164749,0.40778319,10.83031137,2
10021,shrimp,raw shellfish,"shrimp or prawn, raw",5.4165183,0,0.61253833,1.1225833,0.082164749,0.40778319,7.641587869,1
10007,shrimp,cooked shellfish,"shrimp or prawn, cooked",5.4165183,0,0.61253833,1.1225833,0.082164749,0.40778319,7.641587869,1
10038,shrimp,raw shellfish,"shrimp, frozen, raw",7.2039694,1.1695713,0.59818519,1.3542844,0.14705472,0.44915369,10.9222187,2
20904,tofu,mixed dishes,"tofu, plain",0.083403823,0.14573024,0.18574567,0.19543792,0.037393191,0.017733084,0.665443928,1
20337,tofu,deli substitutes,plant-based sausage with tofu (vegan),0.36550444,0.3775867,0.23350401,0.22282086,0.040313875,0.088611574,1.328341459,1
20912,tofu,meat substitutes,"tofu, smoked",0.015849892,0.76900724,0.10321577,0.16763371,0.031912341,0.086850978,1.174469931,1
25589,beans,vegetarian dishes,"plant-based ball with wheat and/or soybean, prepacked",0.31705319,0.92185104,0.23350323,0.22973166,0.040313875,0.088611574,1.831064569,1
25234,beans,vegetarian dishes,cereal patty (without soybean),0.74301255,0.39300959,0.13023448,0.15172195,0.021355895,0.080163416,1.519497881,1
25593,beans,vegetarian dishes,"plant-based patty or steak from wheat and soybean (vegan), prepacked",0.30259819,0.80907291,0.23350323,0.22954886,0.046708858,0.088611574,1.710043622,1
25227,beans,vegetarian dishes,soybean and wheat-based nuggets (vegan),0.36309548,0.618569,0.18483001,0.18046144,0.031912463,0.086850978,1.465719371,1
20524,beans,legumes,"red kidney bean, canned, drained",0.48574071,0.19721682,0.28100027,0.19938624,0.025346174,0.011045523,1.199735737,1
20503,beans,legumes,"red kidney bean, cooked",0.21029806,0,0.1139031,0.056411493,0.027863453,0.011045523,0.419521629,1
20525,beans,legumes,"red kidney bean, dried",0.49000391,0,0.26539933,0.13144131,0.064923095,0,0.951767645,1
20072,beans,vegetables,"garden peas, raw",0.42662137,0,0,0.21936917,0.020190286,0,0.666180826,1
20901,beans,nuts and oilseeds,"soybean, whole grain",0.9232928,0.007536685,0.26539933,0.24987098,0.022706535,0,1.46880633,1
1027,beans,cheeses,"plant-based spread-cheese type, with soybean, prepacked",0.37947665,1.7009885,0.18055336,0.41832514,0.035573861,0.006687562,2.721605073,1
10291,beans,cheeses,"plant-based cheese, without soybean, prepacked, sliced",0.52170006,2.0993817,0.26266115,0.43476318,0.035573861,0.006687562,3.360767513,1
10292,beans,cheeses,"plant-based cheese, without soybean, prepacked, shredded",0.52170006,2.1122117,0.26266115,0.43476318,0.035573861,0.006687562,3.373597513,1
15048,nuts,nuts and oilseeds,mix of unsalted grains/nuts and dried fruit,1.2577556,0.08536668,0.28154442,0.25831293,0.026314938,0,1.909294568,1
15049,nuts,nuts and oilseeds,mix of unsalted grains/nuts and raisins,1.2577556,0.08536668,0.28154442,0.25831293,0.026314938,0,1.909294568,1
15018,nuts,nuts and oilseeds,mix of salted grains/nuts and raisins,1.2577556,0.08536668,0.28154442,0.25831293,0.026314938,0,1.909294568,1
15019,nuts,nuts and oilseeds,"cashew nut, grilled, salted",2.5970342,0.19450093,0.34916639,0.45265508,0.022706535,0,3.616063135,1
9345,grains,"pasta, rice and cereals","amaranth, raw",0.74547357,0,0.26539933,0.13144131,0.016099476,0,1.158413686,1
9310,grains,"pasta, rice and cereals","oat, raw",0.74050597,0,0.26539933,0.13144131,0.016099476,0,1.153446086,1
93401,grains,"pasta, rice and cereals","quinoa, raw",5.434591,0,0.26539933,0.35484422,0.016099476,0,6.070934026,1
9108,grains,"pasta, rice and cereals","wild rice, raw",2.1584034,0,0.26539933,0.31515769,0.018819926,0,2.757780346,1
12112,cheese,cheeses,"abondance cheese, from cow's milk",5.1182235,0.40534942,0.26266115,0.21150363,0.03557378,0.006687562,6.039999042,1
12761,cheese,cheeses,"asiago cheese, from cow's milk",5.0253753,0.41481283,0.26266115,0.21150363,0.03557378,0.006687562,5.956614252,1
12105,cheese,cheeses,"beaufort cheese, from cow's milk",5.2492875,0.39273154,0.26266115,0.21150363,0.03557378,0.006687562,6.158445162,1
12526,cheese,cheeses,"gex blue cheese, or jura blue cheese or septmoncel blue cheese, from cow's milk",4.8008352,0.24336023,0.26266115,0.21150363,0.03557378,0.006687562,5.560621552,1
12021,cheese,cheeses,"brie de meaux cheese, from cow's milk",4.3211643,0.27020143,0.26266115,0.21150363,0.03557378,0.006687562,5.107791852,1
12022,cheese,cheeses,"brie de melun cheese, from cow's milk",4.3781965,0.26706996,0.26266115,0.21150363,0.03557378,0.006687562,5.161692582,1
12020,cheese,cheeses,"brie cheese, from cow's milk",4.4912627,0.26080701,0.26266115,0.21150363,0.03557378,0.006687562,5.268495832,1
12006,cheese,cheeses,"camembert cheese, from cow's milk, from raw milk",4.456254,0.26259642,0.26266115,0.21150363,0.03557378,0.006687562,5.235276542,1
12001,cheese,cheeses,"camembert cheese, from cow's milk",4.456254,0.26259642,0.26266115,0.21150363,0.03557378,0.006687562,5.235276542,1
12722,cheese,cheeses,"cantal cheese, half matured, from cow's milk",4.9700701,0.42112177,0.26266115,0.21150363,0.03557378,0.006687562,5.907617992,1
12723,cheese,cheeses,"cantal, salers or laguiole cheese, from cow's milk",5.0231102,0.41560145,0.26266115,0.21150363,0.03557378,0.006687562,5.955137772,1
12830,cheese,cheeses,"chabichou cheese, from goat's milk",6.0613288,0.29397361,0.26266115,0.21150363,0.03557378,0.006687562,6.871728532,1
12028,cheese,cheeses,"chaource cheese, from cow's milk",4.1645447,0.29301645,0.26266115,0.21150363,0.03557378,0.006687562,4.973987272,1
12726,cheese,cheeses,"cheddar cheese, from cow's milk",5.3517794,0.38405675,0.26266115,0.21150363,0.03557378,0.006687562,6.252262272,1
12846,cheese,cheeses,"chevrot cheese, from goat's milk",5.4699796,0.29397361,0.26266115,0.21150363,0.03557378,0.006687562,6.280379332,1
12110,cheese,cheeses,"comte cheese, from cow's milk",5.3937181,0.37932504,0.26266115,0.21150363,0.03557378,0.006687562,6.289469262,1
12010,cheese,cheeses,"coulommiers cheese, from cow's milk",4.7049818,0.24828111,0.26266115,0.21150363,0.03557378,0.006687562,5.469689032,1
12834,cheese,cheeses,"crottin de chavignol cheese, from goat's milk",6.0613288,0.29397361,0.26266115,0.21150363,0.03557378,0.006687562,6.871728532,1
12832,cheese,cheeses,"crottin cheese, from goat's milk, from raw milk",7.0961898,0.29397361,0.26266115,0.21150363,0.03557378,0.006687562,7.906589532,1
12833,cheese,cheeses,"crottin cheese, from goat's milk",7.0961898,0.29397361,0.26266115,0.21150363,0.03557378,0.006687562,7.906589532,1
12729,cheese,cheeses,"edam cheese, from cow's milk",5.0089587,0.41639006,0.26266115,0.21150363,0.03557378,0.006687562,5.941774882,1
12115,cheese,cheeses,"emmental cheese, from cow's milk",5.2846775,0.38957707,0.26266115,0.21150363,0.03557378,0.006687562,6.190680692,1
12118,cheese,cheeses,"emmental cheese, grated, from cow's milk",5.3188116,0.3864226,0.26266115,0.21150363,0.03557378,0.006687562,6.221660322,1
12061,cheese,cheeses,"feta cheese, from ewe's milk",4.7479417,0.29397361,0.26266115,0.21150363,0.03557378,0.006687562,5.558341432,1
12121,cheese,cheeses,"fontina cheese, from cow's milk",4.445018,0.26349113,0.26266115,0.21150363,0.03557378,0.006687562,5.224935252,1
12522,cheese,cheeses,"fourme d'ambert cheese, from cow's milk",4.7213535,0.24783376,0.26266115,0.21150363,0.03557378,0.006687562,5.485613382,1
12519,cheese,cheeses,fourme de montbrison cheese,4.8321434,0.24157081,0.26266115,0.21150363,0.03557378,0.006687562,5.590140332,1
12705,cheese,cheeses,"firm cheese, around 14% fat, maasdam-type cheese, reduced fat",4.5065019,0.46607297,0.26266115,0.21150363,0.03557378,0.006687562,5.489000992,1
12741,cheese,cheeses,"firm cheese, around 27% fat, maasdam-type cheese",4.8740373,0.42900795,0.26266115,0.21150363,0.03557378,0.006687562,5.819471372,1
12047,cheese,cheeses,"soft-ripened washed-rind cheese, from pasteurised milk (vieux panã©-type cheese)",4.6508876,0.25141259,0.26266115,0.21150363,0.03557378,0.006687562,5.418726312,1
12008,cheese,cheeses,"soft-ripened cheese, double cream, around 30% fat",4.5420937,0.25812289,0.26266115,0.21150363,0.03557378,0.006687562,5.316642712,1
12003,cheese,cheeses,soft-ripened cheese with bloomy rind (camembert-type cheese),4.6720139,0.25051788,0.26266115,0.21150363,0.03557378,0.006687562,5.438957902,1
12035,cheese,cheeses,"soft-ripened washed-rind cheese, reduced fat, around 13% fat",4.445018,0.26349113,0.26266115,0.21150363,0.03557378,0.006687562,5.224935252,1
12050,cheese,cheeses,"soft -ripened washed, bloomy and coloured rind cheese",4.445018,0.26349113,0.26266115,0.21150363,0.03557378,0.006687562,5.224935252,1
12033,cheese,cheeses,"soft-ripened cheese, triple cream, around 40% fat",4.445018,0.26349113,0.26266115,0.21150363,0.03557378,0.006687562,5.224935252,1
12116,cheese,cheeses,"hard cheese, emmental-type cheese, reduced fat",5.3188116,0.3864226,0.26266115,0.21150363,0.03557378,0.006687562,6.221660322,1
12520,cheese,cheeses,"blue cheese, from cow's milk",4.5845034,0.25543877,0.26266115,0.21150363,0.03557378,0.006687562,5.356368292,1
12521,cheese,cheeses,"auvergne blue cheese, from cow's milk",4.7151412,0.24783376,0.26266115,0.21150363,0.03557378,0.006687562,5.479401082,1
12527,cheese,cheeses,"bresse blue cheese, from cow's milk",4.5845034,0.25543877,0.26266115,0.21150363,0.03557378,0.006687562,5.356368292,1
12528,cheese,cheeses,"bresse blue cheese, from cow's milk, reduced fat, around 15% fat",4.3014958,0.27109614,0.26266115,0.21150363,0.03557378,0.006687562,5.089018062,1
12523,cheese,cheeses,"causses blue cheese, from cow's milk",4.7352584,0.24693905,0.26266115,0.21150363,0.03557378,0.006687562,5.498623572,1
12824,cheese,cheeses,"soft ripened cheese with bloomy rind, from ewe's milk, camembert-type cheese",4.7479417,0.29397361,0.26266115,0.21150363,0.03557378,0.006687562,5.558341432,1
12827,cheese,cheeses,"semi-hard cheese, from ewe's milk",3.9373469,0.38642648,0.26266115,0.21150363,0.03557378,0.006687562,4.840199502,1
12762,cheese,cheeses,"corsica soft ripened cheese, from ewe's milk",7.5175743,0.29397361,0.26266115,0.21150363,0.03557378,0.006687562,8.327974032,2
12820,cheese,cheeses,"soft-ripened cheese with bloomy rind, from goat's milk, camembert-type cheese",6.8005152,0.29397361,0.26266115,0.21150363,0.03557378,0.006687562,7.610914932,1
12814,cheese,cheeses,"soft-ripened cheese, from goat's milk, from pasteurised milk",6.8005152,0.29397361,0.26266115,0.21150363,0.03557378,0.006687562,7.610914932,1
12812,cheese,cheeses,"cheese, buche, from goat's milk",4.8786305,0.29397361,0.26266115,0.21150363,0.03557378,0.006687562,5.689030232,1
12813,cheese,cheeses,"cheese, buche, from goat's milk, light",5.396061,0.29397361,0.26266115,0.21150363,0.03557378,0.006687562,6.206460732,1
12810,cheese,cheeses,"cheese, semi-dry, from goat's milk",5.1088246,0.40693074,0.26266115,0.21150363,0.03557378,0.006687562,6.032181462,1
12804,cheese,cheeses,"cheese, from goat's milk, fresh, from raw milk",4.3612,0.29397361,0.26266115,0.21150527,0.03557378,0.006687562,5.171601372,1
12800,cheese,cheeses,"cheese, from goat's milk, fresh, from pasteurised milk",5.396061,0.29397361,0.26266115,0.21150527,0.03557378,0.006687562,6.206462372,1
12805,cheese,cheeses,"cheese, from goat's milk, fresh",4.9525491,0.29397361,0.26266115,0.21150527,0.03557378,0.006687562,5.762950472,1
12803,cheese,cheeses,"cheese, from goat's milk",5.396061,0.29397361,0.26266115,0.21150363,0.03557378,0.006687562,6.206460732,1
12801,cheese,cheeses,"cheese, from goat's milk, from raw milk",5.6178169,0.29397361,0.26266115,0.21150363,0.03557378,0.006687562,6.428216632,1
12802,cheese,cheeses,"cheese, from goat's milk, from pasteurised milk",5.396061,0.29397361,0.26266115,0.21150363,0.03557378,0.006687562,6.206460732,1
12815,cheese,cheeses,"cheese, dry, from goat's milk",4.93331,0.29810043,0.26266115,0.21150363,0.03557378,0.006687562,5.747836552,1
12320,cheese,cheeses,"processed cheese, double cream, around 31% fat",4.445018,0.26349113,0.26266115,0.21150363,0.03557378,0.006687562,5.224935252,1
12310,cheese,cheeses,"processed cheese, around 20% fat, in wedges or cubes",4.445018,0.26349113,0.26266115,0.21150363,0.03557378,0.006687562,5.224935252,1
12300,cheese,cheeses,"processed cheese, in slices",4.445018,0.26349113,0.26266115,0.21150363,0.03557378,0.006687562,5.224935252,1
12009,cheese,cheeses,"soft-ripened round cheese with bloomy rind, 5 to 11% fat, camembert-type cheese, reduced fat",4.1848973,0.27825379,0.26266115,0.21150363,0.03557378,0.006687562,4.979577212,1
12012,cheese,cheeses,"soft-ripened round cheese with bloomy rind, around 11% fat, coulommiers-type cheese, reduced fat",4.234349,0.27512232,0.26266115,0.21150363,0.03557378,0.006687562,5.025897442,1
12013,cheese,cheeses,"soft-ripened round cheese with bloomy rind, around 5% fat, camembert-type cheese, reduced fat",4.2616204,0.2733329,0.26266115,0.21150363,0.03557378,0.006687562,5.051379422,1
12060,cheese,cheeses,feta-type cheese from cow's milk,4.3659961,0.26796466,0.26266115,0.21150363,0.03557378,0.006687562,5.150386882,1
12063,cheese,cheeses,"feta-type cheese from cow's milk, in oil and spices",4.3659961,0.26796466,0.26266115,0.21150363,0.03557378,0.006687562,5.150386882,1
12524,cheese,cheeses,"gorgonzola cheese, from cow's milk",4.4738705,0.26170172,0.18055336,0.21150363,0.03557378,0.006687562,5.169890552,1
12736,cheese,cheeses,"gouda cheese, from cow's milk",5.0334827,0.41402421,0.26266115,0.21150363,0.03557378,0.006687562,5.963933032,1
12123,cheese,cheeses,"grana padano cheese, from cow's milk",5.2367284,0.39430877,0.26266115,0.21150363,0.03557378,0.006687562,6.147463292,1
12114,cheese,cheeses,"gruyere cheese, from cow's milk",5.3571395,0.38326813,0.26266115,0.21150363,0.03557378,0.006687562,6.256833752,1
12113,cheese,cheeses,"gruyere cheese, france, protected geographical indication, from cow's milk",5.2731724,0.39036569,0.26266115,0.21150363,0.03557378,0.006687562,6.179964212,1
12040,cheese,cheeses,"langres cheese, from cow's milk",4.2205115,0.27556967,0.26266115,0.21150363,0.03557378,0.006687562,5.012507292,1
12037,cheese,cheeses,"livarot cheese, from cow's milk",4.5732898,0.25588612,0.26266115,0.21150363,0.03557378,0.006687562,5.345602042,1
12030,cheese,cheeses,"maroilles ""fermier"" cheese",4.7151412,0.24783376,0.26266115,0.21150363,0.03557378,0.006687562,5.479401082,1
12029,cheese,cheeses,"maroilles ""laitier"" cheese",4.6003481,0.25454406,0.26266115,0.21150363,0.03557378,0.006687562,5.371318282,1
12036,cheese,cheeses,"maroilles cheese, from cow's milk",4.7072245,0.24872847,0.26266115,0.21150363,0.03557378,0.006687562,5.472379092,1
12737,cheese,cheeses,"mimolette cheese, half-old, from cow's milk",5.2492875,0.39273154,0.26266115,0.21150363,0.03557378,0.006687562,6.158445162,1
12742,cheese,cheeses,"mimolette cheese, extra old, from cow's milk",5.3569937,0.38247951,0.26266115,0.21150363,0.03557378,0.006687562,6.255899332,1
12735,cheese,cheeses,"mimolette cheese, young, from cow's milk",5.1427812,0.4045608,0.26266115,0.21150363,0.03557378,0.006687562,6.063768122,1
12738,cheese,cheeses,"mimolette cheese, old, from cow's milk",5.4746799,0.37380472,0.26266115,0.21150363,0.03557378,0.006687562,6.364910742,1
12740,cheese,cheeses,"mimolette cheese, from cow's milk",5.2492875,0.39273154,0.26266115,0.21150363,0.03557378,0.006687562,6.158445162,1
12051,cheese,cheeses,"vacherin cheese or mont d'or cheese, from cow's milk",4.3909126,0.2666226,0.26266115,0.21150363,0.03557378,0.006687562,5.173961322,1
12743,cheese,cheeses,"morbier cheese, from cow's milk",5.0148795,0.41639006,0.26266115,0.21150363,0.03557378,0.006687562,5.947695682,1
19590,cheese,cheeses,"mozzarella cheese, from cow's milk",3.8494775,0.29704263,0.26266115,0.21150363,0.03557378,0.006687562,4.662946252,1
12039,cheese,cheeses,"munster cheese, from cow's milk",4.5521411,0.25722818,0.26266115,0.21150363,0.03557378,0.006687562,5.325795402,1
12119,cheese,cheeses,"ossau-iraty cheese, from ewe's milk",4.4855436,0.31387294,0.26266115,0.21150363,0.03557378,0.006687562,5.315842662,1
12120,cheese,cheeses,"parmesan cheese, from cow's milk",5.2787231,0.39036569,0.26266115,0.21150363,0.03557378,0.006687562,6.185514912,1
12836,cheese,cheeses,"picodon cheese, from goat's milk",6.0613288,0.29397361,0.26266115,0.21150363,0.03557378,0.006687562,6.871728532,1
12839,cheese,cheeses,"pouligny saint-pierre cheese, from goat's milk",5.6917356,0.29397361,0.26266115,0.21150363,0.03557378,0.006687562,6.502135332,1
12716,cheese,cheeses,"provolone cheese, from cow's milk",4.9700701,0.42112177,0.26266115,0.21150363,0.03557378,0.006687562,5.907617992,1
12749,cheese,cheeses,"raclette cheese, from cow's milk",4.9957379,0.41875592,0.26266115,0.21150363,0.03557378,0.006687562,5.930919942,1
12045,cheese,cheeses,"reblochon cheese, from cow's milk",4.5845034,0.25543877,0.26266115,0.21150363,0.03557378,0.006687562,5.356368292,1
12847,cheese,cheeses,"rocamadour cheese, from goat's milk",5.2482237,0.29397361,0.26266115,0.21150363,0.03557378,0.006687562,6.058623432,1
12500,cheese,cheeses,"roquefort cheese, from ewe's milk",5.3131728,0.29397361,0.18055336,0.21150363,0.03557378,0.006687562,6.041464742,1
12842,cheese,cheeses,"sainte maure cheese, from goat's milk",5.396061,0.29397361,0.26266115,0.21150363,0.03557378,0.006687562,6.206460732,1
12807,cheese,cheeses,goat cheese from raw milk,5.6178169,0.29397361,0.26266115,0.21150363,0.03557378,0.006687562,6.428216632,1
12052,cheese,cheeses,"saint-felicien cheese, from cow's milk",4.0484844,0.2858588,0.26266115,0.21150363,0.03557378,0.006687562,4.850769322,1
12049,cheese,cheeses,"saint-marcellin cheese, from cow's milk",3.9334446,0.29167439,0.26266115,0.21150363,0.03557378,0.006687562,4.741545112,1
12751,cheese,cheeses,"saint-nectaire cheese, from cow's milk, milk collected in an unique farm",4.4518358,0.47080468,0.26266115,0.21150363,0.03557378,0.006687562,5.439066602,1
12748,cheese,cheeses,"saint-nectaire cheese, from cow's milk, milks collected in many farms",4.4518358,0.47080468,0.26266115,0.21150363,0.03557378,0.006687562,5.439066602,1
12752,cheese,cheeses,"saint-nectaire cheese, from cow's milk",4.4518358,0.47080468,0.26266115,0.21150363,0.03557378,0.006687562,5.439066602,1
12755,cheese,cheeses,"saint-paulin cheese, from cow's milk (semi-hard cheese)",4.763965,0.44083721,0.26266115,0.21150363,0.03557378,0.006687562,5.721228332,1
12725,cheese,cheeses,"salers cheese, from cow's milk",5.0532747,0.41323559,0.26266115,0.21150363,0.03557378,0.006687562,5.982936412,1
12845,cheese,cheeses,"selles-sur-cher cheese, from goat's milk",5.6917356,0.29397361,0.26266115,0.21150363,0.03557378,0.006687562,6.502135332,1
12356,cheese,cheeses,"processed cheese snack w breadsticks, for children",4.3811181,0.44859949,0.18578351,0.21425449,0.037393191,0.006687562,5.273836343,1
12355,cheese,cheeses,processed cheese with fresh cream cheese and walnuts,4.5364047,0.45863164,0.18578351,0.21711751,0.037393191,0.006687562,5.442018113,1
19530,cheese,cheeses,"uncured soft cheese, spreadable, around 30-40% fat, flavoured (ex : garlic and herbs)",4.1848973,0.27825379,0.26266115,0.21150363,0.03557378,0.006687562,4.979577212,1
12340,cheese,cheeses,"uncured soft cheese, spreadable, around 20% fat, in a tub",3.7733599,0.30106881,0.26266115,0.21150363,0.03557378,0.006687562,4.590854832,1
12315,cheese,cheeses,"uncured soft cheese, spreadable, around 25% fat, in a tub",4.1848973,0.27825379,0.26266115,0.21150363,0.03557378,0.006687562,4.979577212,1
1027,cheese,cheeses,"plant-based spread-cheese type, with soybean, prepacked",0.37947665,1.7009885,0.18055336,0.41832514,0.035573861,0.006687562,2.721605073,1
10291,cheese,cheeses,"plant-based cheese, without soybean, prepacked, sliced",0.52170006,2.0993817,0.26266115,0.43476318,0.035573861,0.006687562,3.360767513,1
10292,cheese,cheeses,"plant-based cheese, without soybean, prepacked, shredded",0.52170006,2.1122117,0.26266115,0.43476318,0.035573861,0.006687562,3.373597513,1
12763,cheese,cheeses,tomme cheese (pdo) from the french bauges munntains,5.0089587,0.23128169,0.26266115,0.21150363,0.03557378,0.006687562,5.756666512,1
12759,cheese,cheeses,"tomme cheese, from mountain or savoy",4.9285575,0.23575522,0.26266115,0.21150363,0.03557378,0.006687562,5.680738842,1
12758,cheese,cheeses,"tomme cheese, from cow's milk",4.9754526,0.23351845,0.26266115,0.21150363,0.03557378,0.006687562,5.725397172,1
12760,cheese,cheeses,"tomme cheese, reduced fat, around 13% fat",4.9285575,0.23575522,0.26266115,0.21150363,0.03557378,0.006687562,5.680738842,1
