code,product,food subgroup,lci name,preparation,agriculture,transformation,packaging,transport,supermarket_distribution,consumption,total
30352,beef,deli meats,"salami, pork and beef",no preparation,5.1518328,0.64278064,0.098456598,0.20498679,0.037393191,0.0066875618,6.1421375808
30152,beef,deli meats,"merguez sausage, pure beef, raw",no preparation,29.803955,0.11797113,0.27761401,0.20976478,0.037393191,0.0066875618,30.4533856728
30153,beef,deli meats,"merguez sausage, pork and beef, raw",no preparation,23.726495,0.51515612,0.48156728,0.21333977,0.037393191,0.0066875618,24.9806389228
30154,beef,deli meats,"merguez sausage, beef, mutton and pork, raw",no preparation,31.371255,0.32208615,0.37872644,0.21170653,0.037393191,0.0066875618,32.3278548728
30156,beef,deli meats,"merguez sausage, beef and mutton, raw",no preparation,38.887532,0.13226106,0.27761401,0.21010073,0.037393191,0.0066875618,39.5515885528
30052,beef,deli meats,"sausage meat, pork and beef, raw",no preparation,4.3644895,0.25179252,0.23089041,0.20129786,0.036974137,0.0066875618,5.0921319888
6260,beef,other meat products,"burger, beef based, 15% fat, raw",no preparation,15.896356,0.27679941,0.26924245,0.20839781,0.036974137,0.0066875618,16.694457368800002
6231,beef,raw meats,"beef, stewing meat, raw",no preparation,27.221359,0.11569742,0.27564225,0.20348266,0.036974137,0.0066875618,27.8598430288
40402,beef,raw meats,"kidney, beef, raw",no preparation,21.517062,0.052216317,0.27564225,0.20049102,0.036974137,0.0066875618,22.0890732858
40202,beef,raw meats,"tongue, beef, raw",no preparation,21.517062,0.052216317,0.27564225,0.20049102,0.036974137,0.0066875618,22.0890732858
40052,beef,raw meats,"heart, beef, raw",no preparation,21.517062,0.052216317,0.27564225,0.20049102,0.036974137,0.0066875618,22.0890732858
6160,beef,raw meats,"beef, topside, raw",no preparation,27.221359,0.11569742,0.27564225,0.20348266,0.036974137,0.0066875618,27.8598430288
6201,beef,raw meats,"beef, steak or beef steak, raw",no preparation,27.221359,0.11569742,0.27564225,0.20348266,0.036974137,0.0066875618,27.8598430288
6250,beef,raw meats,"beef, minced steak, 5% fat, raw",no preparation,33.395913,0.25100959,0.26918334,0.20672094,0.036974137,0.0066875618,34.1664885688
6256,beef,raw meats,"beef, minced steak, 20% fat, raw",no preparation,33.395913,0.25100959,0.26918334,0.20672094,0.036974137,0.0066875618,34.1664885688
6254,beef,raw meats,"beef, minced steak, 15% fat, raw",no preparation,33.395913,0.25100959,0.26918334,0.20672094,0.036974137,0.0066875618,34.1664885688
6252,beef,raw meats,"beef, minced steak, 10% fat, raw",no preparation,33.395913,0.25100959,0.26918334,0.20672094,0.036974137,0.0066875618,34.1664885688
6206,beef,raw meats,"beef, rump steak, raw",no preparation,27.221359,0.11569742,0.27564225,0.20348266,0.036974137,0.0066875618,27.8598430288
6212,beef,raw meats,"beef, flank steak, raw",no preparation,27.221359,0.11569742,0.27564225,0.20348266,0.036974137,0.0066875618,27.8598430288
6202,beef,raw meats,"beef, bolar-blade, raw",no preparation,27.221359,0.11569742,0.29772333,0.20351988,0.036974137,0.0083594523,27.883633219300002
6001,beef,raw meats,"beef, rib, raw",no preparation,27.221359,0.066059163,0.34455281,0.25078423,0.046217671,0.08872985,28.017702724
6103,beef,raw meats,"beef, rib steak, raw",no preparation,27.221359,0.066059163,0.34455281,0.25078423,0.046217671,0.08872985,28.017702724
6002,beef,raw meats,"beef, shoulder, raw",no preparation,27.221359,0.11569742,0.27564225,0.20348266,0.036974137,0.0066875618,27.8598430288
6111,beef,raw meats,"beef, sirloin steak, raw",no preparation,27.221359,0.11569742,0.27564225,0.20348266,0.036974137,0.0066875618,27.8598430288
40600,beef,raw meats,"blood, beef, raw",no preparation,26.896328,0.065270396,0.2306872,0.25061377,0.046217671,0.08872985,27.577846887
6112,beef,raw meats,"beef, sirloin steak, red label, raw",no preparation,27.221359,0.11569742,0.27564225,0.20348266,0.036974137,0.0066875618,27.8598430288
6130,beef,raw meats,"beef, thin flank, raw",no preparation,27.221359,0.11569742,0.27564225,0.20348266,0.036974137,0.0066875618,27.8598430288
6150,beef,raw meats,"beef, knuckle, raw",no preparation,27.221359,0.066059163,0.34455281,0.25078423,0.046217671,0.08872985,28.017702724
6140,beef,raw meats,"beef, cheek, raw",no preparation,27.221359,0.11569742,0.27564225,0.20348266,0.036974137,0.0066875618,27.8598430288
6204,beef,raw meats,"beef, hanger steak, raw",no preparation,27.221359,0.11569742,0.27564225,0.20348266,0.036974137,0.0066875618,27.8598430288
6270,beef,raw meats,"beef, chuck, raw",no preparation,34.026699,0.14462178,0.34455281,0.25435333,0.046217671,0.08872985,34.90517444100001
6122,beef,raw meats,"beef, short ribs, raw",no preparation,27.221359,0.066059163,0.34455281,0.25078423,0.046217671,0.08872985,28.017702724
6102,beef,raw meats,"beef, round, raw",no preparation,27.221359,0.11569742,0.27564225,0.20348266,0.036974137,0.0066875618,27.8598430288
40502,beef,raw meats,"tripe, beef, raw",no preparation,26.896328,0.065270396,0.34455281,0.25061377,0.046217671,0.08872985,27.691712497
21514,lamb,raw meats,"lamb, neck, raw",no preparation,40.546904,0.066555182,0.34455281,0.25398787,0.046217671,0.08872985,41.34694738300001
21516,lamb,raw meats,"lamb, chop fillet, raw",no preparation,40.546904,0.066555182,0.34455281,0.25398787,0.046217671,0.08872985,41.34694738300001
21517,lamb,raw meats,"lamb, rib chop, raw",no preparation,40.546904,0.066555182,0.34455281,0.25398787,0.046217671,0.08872985,41.34694738300001
21500,lamb,raw meats,"lamb, cutlet, raw",no preparation,40.546904,0.066555182,0.32247173,0.25395065,0.046217671,0.087057959,41.323157192
21504,lamb,raw meats,"lamb, shoulder, raw",no preparation,32.437523,0.053244146,0.27564225,0.2031903,0.036974137,0.0066875618,33.0132613948
21505,lamb,raw meats,"lamb, shoulder, lean, raw",no preparation,32.437523,0.053244146,0.27564225,0.2031903,0.036974137,0.0066875618,33.0132613948
21502,lamb,raw meats,"lamb, leg, raw",no preparation,40.546904,0.066555182,0.34455281,0.25398787,0.046217671,0.08872985,41.34694738300001
21515,lamb,raw meats,"lamb, saddle, raw",no preparation,40.546904,0.066555182,0.34455281,0.25398787,0.046217671,0.08872985,41.34694738300001
40002,lamb,raw meats,"brain, lamb, raw",no preparation,21.06315,0.03457383,0.27564225,0.19828674,0.036974137,0.0066875618,21.6153145188
40058,lamb,raw meats,"heart, lamb, raw",no preparation,21.06315,0.03457383,0.27564225,0.19828674,0.036974137,0.0066875618,21.6153145188
40102,lamb,raw meats,"liver, lamb, raw",no preparation,21.06315,0.03457383,0.27564225,0.19828674,0.036974137,0.0066875618,21.6153145188
40302,lamb,raw meats,"sweetbread, lamb, raw",no preparation,26.328937,0.043217288,0.34455281,0.24785842,0.046217671,0.08872985,27.099513039
40407,lamb,raw meats,"kidney, lamb, raw",no preparation,21.06315,0.03457383,0.27564225,0.19828674,0.036974137,0.0066875618,21.6153145188
30302,pork,deli meats,"dry sausage, pure pork, superior quality",no preparation,5.0981679,0.63608501,0.098236763,0.20333048,0.036974137,0.0066875618,6.0794818518
28502,pork,deli meats,"pork belly, smoked, raw",no preparation,5.587654,0.27620305,0.16977722,0.20468657,0.036974137,0.0066875618,6.2819825387999995
8300,pork,deli meats,"pork liver pã¢tã©, superior quality",no preparation,4.2891728,0.53616527,0.33455704,0.12910993,0.017321188,0.0066875618,5.3130137898
8305,pork,deli meats,pork liver pã¢tã©,no preparation,4.2891728,0.53616527,0.33455704,0.12910993,0.017321188,0.0066875618,5.3130137898
8312,pork,deli meats,"pork liver mousse, superior quality",no preparation,4.2891728,0.53616527,0.42841844,0.20847516,0.037393191,0.0066875618,5.506312422799999
8313,pork,deli meats,pork liver mousse,no preparation,4.2891728,0.53616527,0.42841844,0.20847516,0.037393191,0.0066875618,5.506312422799999
30153,pork,deli meats,"merguez sausage, pork and beef, raw",no preparation,23.726495,0.51515612,0.48156728,0.21333977,0.037393191,0.0066875618,24.9806389228
30154,pork,deli meats,"merguez sausage, beef, mutton and pork, raw",no preparation,31.371255,0.32208615,0.37872644,0.21170653,0.037393191,0.0066875618,32.3278548728
8000,pork,deli meats,"rillettes, pork",no preparation,4.2891728,0.53616527,0.33455704,0.12910993,0.017321188,0.0066875618,5.3130137898
8001,pork,deli meats,"rillettes, pure pork",no preparation,4.2891728,0.53616527,0.33455704,0.12910993,0.017321188,0.0066875618,5.3130137898
28700,pork,deli meats,"pork ham, intended to be cooked or pork ham, intended to be roast/bake",no preparation,5.8902263,0.48164956,0.47907012,0.20550955,0.036974137,0.0066875618,7.1001172288
28924,pork,deli meats,"cooked pork shoulder, standard, rind less and fatless",no preparation,5.8902263,0.48164956,0.47907012,0.20550955,0.036974137,0.0066875618,7.1001172288
28911,pork,deli meats,"cooked pork shoulder, choice",no preparation,5.8902263,0.48164956,0.47907012,0.20550955,0.036974137,0.0066875618,7.1001172288
8120,pork,deli meats,preserved pork liver,no preparation,1.4965593,0.10480963,0.27761401,0.19485162,0.037393191,0.0066875618,2.1179153128
30351,pork,deli meats,"salami, pure pork",no preparation,5.0981679,0.63608501,0.098236763,0.20333048,0.036974137,0.0066875618,6.0794818518
30316,pork,deli meats,dry spicy pork sausage with red pepper,no preparation,5.0981679,0.63608501,0.098236763,0.20333048,0.036974137,0.0066875618,6.0794818518
30051,pork,deli meats,"sausage meat, pure pork, raw",no preparation,4.3644895,0.25179252,0.23089041,0.20129786,0.036974137,0.0066875618,5.0921319888
30052,pork,deli meats,"sausage meat, pork and beef, raw",no preparation,4.3644895,0.25179252,0.23089041,0.20129786,0.036974137,0.0066875618,5.0921319888
30750,pork,deli meats,"viennese sausage, pork and veal, raw",no preparation,14.10395,1.0048785,0.7399657,0.21938611,0.037393191,0.0066875618,16.1122610628
30352,pork,deli meats,"salami, pork and beef",no preparation,5.1518328,0.64278064,0.098456598,0.20498679,0.037393191,0.0066875618,6.1421375808
30301,pork,deli meats,"dry sausage, pure pork",no preparation,5.0981679,0.63608501,0.098236763,0.20333048,0.036974137,0.0066875618,6.0794818518
25566,pork,other meat products,"pork on skewer, raw",no preparation,5.5630553,0.56285425,0.53428401,0.2494637,0.037393191,0.0066875618,6.9537380128
28302,pork,raw meats,"pork, loin, raw",no preparation,8.7606538,0.9189616,0.46448625,0.21347719,0.036974137,0.0066875618,10.4012405388
40005,pork,raw meats,"brain, pork, raw",no preparation,1.4809702,0.10371786,0.27564225,0.19330089,0.036974137,0.0066875618,2.0972928988
40060,pork,raw meats,"heart, pork, raw",no preparation,1.4809702,0.10371786,0.27564225,0.19330089,0.036974137,0.0066875618,2.0972928988
40119,pork,raw meats,"liver, pork, raw",no preparation,1.4809702,0.10371786,0.27564225,0.19330089,0.036974137,0.0066875618,2.0972928988
40404,pork,raw meats,"kidney, pork, raw",no preparation,1.4809702,0.10371786,0.27564225,0.19330089,0.036974137,0.0066875618,2.0972928988
40205,pork,raw meats,"tongue, pork, raw",no preparation,1.4809702,0.10371786,0.27564225,0.19330089,0.036974137,0.0066875618,2.0972928988
28470,pork,raw meats,"pork, back fat, rindless, raw",no preparation,1.1542558,0.057139359,0.27564225,0.19240409,0.036974137,0.0066875618,1.7231031978
28400,pork,raw meats,"pork, spare-ribs, raw",no preparation,8.7606538,0.86932334,0.473707,0.26077877,0.046217671,0.08872985,10.499410431
28102,pork,raw meats,"pork, round steak, raw",no preparation,8.7606538,0.9189616,0.46448625,0.21347719,0.036974137,0.0066875618,10.4012405388
28300,pork,raw meats,"pork, roast, raw",no preparation,8.7606538,0.9189616,0.46448625,0.21347719,0.036974137,0.0066875618,10.4012405388
28002,pork,raw meats,"pork, belly, raw",no preparation,8.7606538,0.9189616,0.46448625,0.21347719,0.036974137,0.0066875618,10.4012405388
28479,pork,raw meats,"pork, belly, flank removed, raw",no preparation,5.587654,0.27620305,0.27564225,0.20468657,0.036974137,0.0066875618,6.387847568799999
28100,pork,raw meats,"pork, chop, raw",no preparation,8.7606538,0.86932334,0.473707,0.26077877,0.046217671,0.08872985,10.499410431
28477,pork,raw meats,"pork, shoulder upper half, without rind, fat and bone, raw",no preparation,8.7606538,0.9189616,0.46448625,0.21347719,0.036974137,0.0066875618,10.4012405388
28476,pork,raw meats,"pork, 80/20 trimming, raw",no preparation,8.7606538,0.9189616,0.46448625,0.21347719,0.036974137,0.0066875618,10.4012405388
28003,pork,raw meats,"pork loin, raw",no preparation,8.7606538,0.9189616,0.46448625,0.21347719,0.036974137,0.0066875618,10.4012405388
28004,pork,raw meats,"pork, knuckle or shank, raw",no preparation,8.7606538,0.86932334,0.473707,0.26077877,0.046217671,0.08872985,10.499410431
28474,pork,raw meats,"pork, knuckle oh ham, without rind, fat and bone, raw",no preparation,8.7606538,0.86932334,0.473707,0.26077877,0.046217671,0.08872985,10.499410431
28473,pork,raw meats,"pork, way leg, without rind, fat and bone, raw",no preparation,10.950817,1.148702,0.58060782,0.26684649,0.046217671,0.08872985,13.081920831000003
28472,pork,raw meats,"pork, shoulder lower half, without rind, fat and bone, raw",no preparation,8.7606538,0.9189616,0.46448625,0.21347719,0.036974137,0.0066875618,10.4012405388
28471,pork,raw meats,"pork, jowl, rindless, raw",no preparation,5.587654,0.27620305,0.27564225,0.20468657,0.036974137,0.0066875618,6.387847568799999
28201,pork,raw meats,"pork tenderloin, lean, raw",no preparation,8.7606538,0.9189616,0.46448625,0.21347719,0.036974137,0.0066875618,10.4012405388
28204,pork,raw meats,"pork filet mignon, raw",no preparation,8.7606538,0.9189616,0.46448625,0.21347719,0.036974137,0.0066875618,10.4012405388
28104,pork,raw meats,"pork, rack, raw",no preparation,8.7606538,0.86932334,0.473707,0.26077877,0.046217671,0.08872985,10.499410431
28001,pork,raw meats,"pork, shoulder, raw",no preparation,7.008523,0.69545867,0.3789656,0.20862301,0.036974137,0.0066875618,8.3352319788
28475,pork,raw meats,"pork, 90/10 trimming, raw",no preparation,8.7606538,0.9189616,0.46448625,0.21347719,0.036974137,0.0066875618,10.4012405388
28460,pork,raw meats,"pork, ham escalope, raw",no preparation,8.7606538,0.9189616,0.46448625,0.21347719,0.036974137,0.0066875618,10.4012405388
28963,chicken,deli meats,"chicken cooked ham, in slices",no preparation,5.1782299,1.0798426,0.27564225,0.24399676,0.036974137,0.0066875618,6.821373208799999
40054,chicken,raw meats,"heart, chicken, raw",no preparation,1.1045307,0.21974541,0.27564225,0.20089325,0.036974137,0.0066875618,1.8444733088
36029,chicken,raw meats,"chicken, breast, meat and skin, raw",no preparation,5.1782298,1.0798426,0.27564225,0.24399676,0.036974137,0.0066875618,6.8213731088
36022,chicken,raw meats,"chicken, drumstick, raw",no preparation,5.1782298,1.0302043,0.34455281,0.29129833,0.046217671,0.08872985,6.9792327610000005
36019,chicken,raw meats,"chicken high leg, meat, raw",no preparation,5.1782299,1.0302043,0.34455281,0.29129833,0.046217671,0.08872985,6.979232861
36017,chicken,raw meats,"chicken, breast, without skin, raw",no preparation,5.1782298,1.0798426,0.27564225,0.24399676,0.036974137,0.0066875618,6.8213731088
36024,chicken,raw meats,"chicken, leg, meat, raw",no preparation,5.1782298,1.0302043,0.34455281,0.29129833,0.046217671,0.08872985,6.9792327610000005
36002,chicken,raw meats,"chicken, leg, meat and skin, raw",no preparation,5.1782298,1.0302043,0.34455281,0.29129833,0.046217671,0.08872985,6.9792327610000005
36023,chicken,raw meats,"chicken, wing, meat and skin, raw",no preparation,5.1782298,1.0302043,0.34455281,0.29129833,0.046217671,0.08872985,6.9792327610000005
36008,chicken,raw meats,"chicken, free-range, meat and skin, raw",no preparation,5.1782298,1.0302043,0.34455281,0.29129833,0.046217671,0.08872985,6.9792327610000005
36020,chicken,raw meats,"chicken, eviscerated without offal, raw",no preparation,5.1782298,1.0302043,0.34455281,0.29129833,0.046217671,0.08872985,6.9792327610000005
36007,chicken,raw meats,"chicken, white race, meat and skin, raw",no preparation,5.1782298,1.0302043,0.34455281,0.29129833,0.046217671,0.08872985,6.9792327610000005
36014,chicken,raw meats,"chicken, stewing, leg, raw",no preparation,5.1782298,1.0302043,0.34455281,0.29129833,0.046217671,0.08872985,6.9792327610000005
40700,chicken,raw meats,"gizzard, chicken, raw",no preparation,1.1045307,0.21974541,0.27564225,0.20089325,0.036974137,0.0066875618,1.8444733088
40111,chicken,raw meats,"liver, chicken, raw",no preparation,1.1045307,0.21974541,0.27564225,0.20089325,0.036974137,0.0066875618,1.8444733088
36016,chicken,raw meats,"chicken, meat and skin, raw",no preparation,4.1425839,0.82416344,0.27564225,0.23303866,0.036974137,0.0066875618,5.519089948799999
36003,chicken,raw meats,"chicken, meat, raw",no preparation,4.1425839,0.82416344,0.27564225,0.23303866,0.036974137,0.0066875618,5.519089948799999
26079,fish,raw fish,"common anchovy, raw",no preparation,0.92334433,0.0,0.27564225,0.90555681,0.036974137,0.0066875618,2.1482050888
26206,fish,raw fish,"mediterranean bass, raw, farmed",no preparation,11.359006,0.0,0.27564225,1.0022641,0.036974137,0.0066875618,12.6805740488
26205,fish,raw fish,"mediterranean bass, raw, wild",no preparation,7.722585,0.0,0.27564225,1.0022641,0.036974137,0.0066875618,9.044153048799998
26072,fish,raw fish,"european bass, raw",no preparation,11.359006,0.0,0.27564225,1.0022641,0.036974137,0.0066875618,12.6805740488
26075,fish,raw fish,"atlantic bass, raw",no preparation,11.359006,0.0,0.27564225,1.0022641,0.036974137,0.0066875618,12.6805740488
26001,fish,raw fish,"american bass, raw",no preparation,11.359006,0.0,0.27564225,1.0022641,0.036974137,0.0066875618,12.6805740488
26100,fish,raw fish,"bogue, raw",no preparation,0.28644409,0.0,0.27564225,0.90555681,0.036974137,0.0066875618,1.5113048488
26101,fish,raw fish,"bonito, raw",no preparation,7.2913297,0.0,0.27564225,0.78735897,0.036974137,0.0066875618,8.3979926188
26170,fish,raw fish,"freshwater bream, raw",no preparation,11.359006,0.0,0.27564225,1.0022644,0.036974137,0.0066875618,12.6805743488
26043,fish,raw fish,"cod, raw",no preparation,9.3555545,0.0,0.27564225,1.1741883,0.036974137,0.0066875618,10.849046748800001
26108,fish,raw fish,"capelin, raw",no preparation,7.2913297,0.0,0.27564225,0.78735897,0.036974137,0.0066875618,8.3979926188
26157,fish,raw fish,"crevalle jack, raw",no preparation,3.1435678,0.0,0.27564225,0.78735897,0.036974137,0.0066875618,4.250230718799999
26084,fish,raw fish,"megrim, raw",no preparation,9.3555545,0.0,0.27564225,1.1741883,0.036974137,0.0066875618,10.849046748800001
27003,fish,raw fish,"carp, raw, farmed",no preparation,5.4155702,0.0,0.27564225,0.90555681,0.036974137,0.0066875618,6.6404309588
26236,fish,raw fish,"horse mackerel, oily (autumn, winter), raw",no preparation,1.0572894,0.0,0.27564225,0.87690279,0.036974137,0.0066875618,2.2534961388
26235,fish,raw fish,"horse mackerel, lean (spring, summer), raw",no preparation,1.0572894,0.0,0.27564225,0.87690279,0.036974137,0.0066875618,2.2534961388
26113,fish,raw fish,"horse mackerel, raw",no preparation,1.0572894,0.0,0.27564225,0.87690279,0.036974137,0.0066875618,2.2534961388
26127,fish,raw fish,"conger, raw",no preparation,9.3555545,0.0,0.27564225,1.1741883,0.036974137,0.0066875618,10.849046748800001
26107,fish,raw fish,"brown meagre, raw",no preparation,3.1435678,0.0,0.27564225,0.78735897,0.036974137,0.0066875618,4.250230718799999
26159,fish,raw fish,"bigeye scad, raw",no preparation,1.0572894,0.0,0.27564225,0.87690279,0.036974137,0.0066875618,2.2534961388
26103,fish,raw fish,"common dentex, raw",no preparation,9.3555545,0.0,0.27564225,1.1741883,0.036974137,0.0066875618,10.849046748800001
26099,fish,raw fish,"black seabream, raw",no preparation,5.3654111,0.0,0.27564225,1.0488269,0.036974137,0.0066875618,6.733541948799999
26109,fish,raw fish,"blackspot seabream, raw",no preparation,5.3654111,0.0,0.27564225,1.0488269,0.036974137,0.0066875618,6.733541948799999
26088,fish,raw fish,"gilthead seabream, raw, farmed",no preparation,11.359006,0.0,0.27564225,1.0022641,0.036974137,0.0066875618,12.6805740488
26080,fish,raw fish,"gilthead seabream, raw, wild",no preparation,7.722585,0.0,0.27564225,1.0022641,0.036974137,0.0066875618,9.044153048799998
26122,fish,raw fish,"haddock, raw",no preparation,9.3555545,0.0,0.27564225,1.1741883,0.036974137,0.0066875618,10.849046748800001
26241,fish,raw fish,"blue shark, fillet, without skin, raw",no preparation,9.3555545,0.0,0.27564225,1.1741883,0.036974137,0.0066875618,10.849046748800001
26083,fish,raw fish,"pond smelt, raw",no preparation,0.71037021,0.0,0.27564225,0.90555681,0.036974137,0.0066875618,1.9352309688
26082,fish,raw fish,"swordfish, raw",no preparation,3.1435678,0.0,0.27564225,0.78735897,0.036974137,0.0066875618,4.250230718799999
26009,fish,raw fish,"atlantic halibut, raw",no preparation,3.1435678,0.0,0.27564225,0.78735897,0.036974137,0.0066875618,4.250230718799999
26154,fish,raw fish,"greenland halibut, raw",no preparation,9.3555545,0.0,0.27564225,1.1741883,0.036974137,0.0066875618,10.849046748800001
26128,fish,raw fish,"roundnose grenadier, raw",no preparation,9.3555545,0.0,0.27564225,1.1741883,0.036974137,0.0066875618,10.849046748800001
26214,fish,raw fish,"blue grenadier, raw",no preparation,5.3830611,0.0,0.27564225,1.0846444,0.036974137,0.0066875618,6.787009448799999
26219,fish,raw fish,"tub gurnard, raw",no preparation,9.3555545,0.0,0.27564225,1.1741883,0.036974137,0.0066875618,10.849046748800001
26106,fish,raw fish,"red gurnard, raw",no preparation,5.3654111,0.0,0.27564225,1.0488269,0.036974137,0.0066875618,6.733541948799999
26238,fish,raw fish,"atlantic herring, oily, raw",no preparation,1.0832105,0.0,0.27564225,0.90555681,0.036974137,0.0066875618,2.3080712588
26237,fish,raw fish,"atlantic herring, lean, raw",no preparation,1.0832105,0.0,0.27564225,0.90555681,0.036974137,0.0066875618,2.3080712588
26011,fish,raw fish,"atlantic herring, raw",no preparation,1.0832105,0.0,0.27564225,0.90555681,0.036974137,0.0066875618,2.3080712588
26213,fish,raw fish,"grenadier, from any fishing spot, raw",no preparation,9.3555545,0.0,0.27564225,1.1741883,0.036974137,0.0066875618,10.849046748800001
26240,fish,raw fish,"big-scale sand smelt (whole small fish), to fry, raw",no preparation,0.28644409,0.0,0.27564225,0.90555681,0.036974137,0.0066875618,1.5113048488
26130,fish,raw fish,"ling, raw",no preparation,9.3555545,0.0,0.27564225,1.1741883,0.036974137,0.0066875618,10.849046748800001
26129,fish,raw fish,"pollack, raw",no preparation,9.3555545,0.0,0.27564225,1.1741883,0.036974137,0.0066875618,10.849046748800001
26134,fish,raw fish,"saithe, raw",no preparation,4.6079003,0.0,0.27564225,0.95570134,0.036974137,0.0066875618,5.882905588799999
26047,fish,raw fish,"saithe, frozen, raw",no preparation,2.8637885,0.46078456,0.26918334,0.66557938,0.066174622,0.025304288,4.350814690000001
26006,fish,raw fish,"alaska pollock, raw",no preparation,9.3555545,0.0,0.27564225,1.1741883,0.036974137,0.0066875618,10.849046748800001
26057,fish,raw fish,"common dab, raw",no preparation,9.3555545,0.0,0.27564225,1.1741883,0.036974137,0.0066875618,10.849046748800001
26135,fish,raw fish,"lemon sole, raw",no preparation,9.3555545,0.0,0.27564225,1.1741883,0.036974137,0.0066875618,10.849046748800001
26194,fish,raw fish,"blue ling, raw",no preparation,9.3555545,0.0,0.27564225,1.1741883,0.036974137,0.0066875618,10.849046748800001
26018,fish,raw fish,"anglerfish, raw",no preparation,9.3555545,0.0,0.27564225,1.1741883,0.036974137,0.0066875618,10.849046748800001
26172,fish,raw fish,spotted wolffish,no preparation,9.3555545,0.0,0.27564225,1.1741883,0.036974137,0.0066875618,10.849046748800001
26102,fish,raw fish,"atlantic chub mackerel, raw",no preparation,1.0572894,0.0,0.27564225,0.87690279,0.036974137,0.0066875618,2.2534961388
26051,fish,raw fish,"mackerel, raw",no preparation,1.0572894,0.0,0.27564225,0.87690279,0.036974137,0.0066875618,2.2534961388
26095,fish,raw fish,"whiting, raw",no preparation,9.3555545,0.0,0.27564225,1.1741883,0.036974137,0.0066875618,10.849046748800001
26233,fish,raw fish,"shallow-water cape hake, raw",no preparation,5.3830611,0.0,0.26918334,1.0846444,0.036974137,0.0066875618,6.780550538799999
26044,fish,raw fish,"european hake, raw",no preparation,5.3830611,0.0,0.27564225,1.0846444,0.036974137,0.0066875618,6.787009448799999
26048,fish,raw fish,"hake, fillet, frozen, raw",no preparation,5.3830611,0.46078456,0.26918334,1.0846444,0.066174622,0.025304288,7.2891523099999995
26178,fish,raw fish,"grouper, raw",no preparation,3.1435678,0.0,0.27564225,0.78735897,0.036974137,0.0066875618,4.250230718799999
26098,fish,raw fish,"cod, salted, dried",no preparation,9.3555545,0.0,0.27564225,1.1741883,0.036974137,0.0066875618,10.849046748800001
26091,fish,raw fish,"mullet, raw",no preparation,9.3555545,0.0,0.27564225,1.1741883,0.036974137,0.0066875618,10.849046748800001
26171,fish,raw fish,"arctic char, raw",no preparation,4.0724,0.0,0.27564225,0.90555681,0.036974137,0.0066875618,5.297260758799999
26166,fish,raw fish,"garfish, raw",no preparation,0.71037021,0.0,0.27564225,0.90555681,0.036974137,0.0066875618,1.9352309688
27017,fish,raw fish,"brown bullhead, raw",no preparation,11.359006,0.0,0.27564225,1.0022641,0.036974137,0.0066875618,12.6805740488
27025,fish,raw fish,"nile perch, raw",no preparation,5.4155702,0.0,0.27564225,0.90555681,0.036974137,0.0066875618,6.6404309588
27010,fish,raw fish,"european perch, raw",no preparation,4.0724,0.0,0.27564225,0.90555681,0.036974137,0.0066875618,5.297260758799999
26055,fish,raw fish,"european plaice, raw",no preparation,9.3555545,0.0,0.27564225,1.1741883,0.036974137,0.0066875618,10.849046748800001
26052,fish,raw fish,"ray, raw",no preparation,9.3555545,0.0,0.27564225,1.1741883,0.036974137,0.0066875618,10.849046748800001
26063,fish,raw fish,"spiny scorpionfish, raw",no preparation,9.3555545,0.0,0.27564225,1.1741883,0.036974137,0.0066875618,10.849046748800001
26162,fish,raw fish,"shark, raw",no preparation,9.3555545,0.0,0.27564225,1.1741883,0.036974137,0.0066875618,10.849046748800001
26085,fish,raw fish,"surmullet or red mullet, raw",no preparation,5.3654111,0.0,0.27564225,1.0488269,0.036974137,0.0066875618,6.733541948799999
26110,fish,raw fish,"surmullet or red mullet, steamed",oven,6.5514783,0.0,0.33657517,1.2806785,0.045147566,0.094234908,8.308114444000001
26244,fish,raw fish,"surmullet or red mullet, fillet with skin, frozen, raw (from thailand or senegal)",no preparation,5.3654111,0.46078456,0.26918334,1.3652074,0.066174622,0.025304288,7.55206531
26074,fish,raw fish,"nursehound or lesser spotted dogfish, raw",no preparation,9.3555545,0.0,0.27564225,1.1741883,0.036974137,0.0066875618,10.849046748800001
26153,fish,raw fish,"largehead hairtail, raw",no preparation,9.3555545,0.0,0.27564225,1.1741883,0.036974137,0.0066875618,10.849046748800001
26104,fish,raw fish,"john dory, raw",no preparation,9.3555545,0.0,0.27564225,1.1741883,0.036974137,0.0066875618,10.849046748800001
26065,fish,raw fish,"european pilchard or sardine, raw",no preparation,0.71037021,0.0,0.27564225,0.90555681,0.036974137,0.0066875618,1.9352309688
26036,fish,raw fish,"salmon, raw, farmed",no preparation,5.2222317,0.028870642,0.27564225,0.78427194,0.036974137,0.0066875618,6.354678230799999
26111,fish,raw fish,"salema, raw",no preparation,5.3654111,0.0,0.27564225,1.0488269,0.036974137,0.0066875618,6.733541948799999
26210,fish,raw fish,"golden redfish, raw",no preparation,9.3555545,0.0,0.27564225,1.1741883,0.036974137,0.0066875618,10.849046748800001
26200,fish,raw fish,"tonguesole, raw",no preparation,5.3654111,0.0,0.27564225,1.0488269,0.036974137,0.0066875618,6.733541948799999
26058,fish,raw fish,"common sole, raw",no preparation,5.3654111,0.0,0.27564225,1.0488269,0.036974137,0.0066875618,6.733541948799999
26173,fish,raw fish,"european sprat, raw",no preparation,0.71037021,0.0,0.27564225,0.90555681,0.036974137,0.0066875618,1.9352309688
26133,fish,raw fish,"pouting, raw",no preparation,9.3555545,0.0,0.27564225,1.1741883,0.036974137,0.0066875618,10.849046748800001
26064,fish,raw fish,"yellowfin tuna, raw",no preparation,3.2937992,0.0,0.27564225,0.78735897,0.036974137,0.0066875618,4.400462118799999
26076,fish,raw fish,"albacore, raw",no preparation,7.2913297,0.0,0.27564225,0.78735897,0.036974137,0.0066875618,8.3979926188
26068,fish,raw fish,"skipjack tuna, raw",no preparation,3.2716502,0.0,0.27564225,0.78735897,0.036974137,0.0066875618,4.378313118799999
26053,fish,raw fish,"tuna, raw",no preparation,3.2937992,0.0,0.27564225,0.78735897,0.036974137,0.0066875618,4.400462118799999
27009,fish,raw fish,"rainbow trout, raw, farmed",no preparation,5.4155702,0.0,0.27564225,0.90555681,0.036974137,0.0066875618,6.6404309588
26092,fish,raw fish,"sea trout, raw",no preparation,5.4155702,0.0,0.27564225,0.90555681,0.036974137,0.0066875618,6.6404309588
27008,fish,raw fish,"trout, farmed, raw",no preparation,4.9281689,0.0,0.27564225,0.84108526,0.036974137,0.0066875618,6.088558108799999
27021,fish,raw fish,"salmon trout, raw",no preparation,5.4155702,0.0,0.27564225,0.90555681,0.036974137,0.0066875618,6.6404309588
26201,fish,raw fish,"turbot, raw, farmed",no preparation,11.359006,0.0,0.27564225,1.0022641,0.036974137,0.0066875618,12.6805740488
26042,fish,raw fish,"turbot, raw, wild",no preparation,7.722585,0.0,0.27564225,1.0022641,0.036974137,0.0066875618,9.044153048799998
26174,fish,raw fish,"turbot, raw",no preparation,11.359006,0.0,0.27564225,1.0022641,0.036974137,0.0066875618,12.6805740488
26146,fish,raw fish,"snapper, raw",no preparation,3.1435678,0.0,0.27564225,0.78735897,0.036974137,0.0066875618,4.250230718799999
10007,shrimp,cooked shellfish,"shrimp or prawn, cooked",no preparation,5.4165183,0.0,0.61253833,1.1225833,0.082164749,0.40778319,7.641587869
10059,shrimp,raw shellfish,"deep water pink shrimp, raw",no preparation,7.2039694,1.1695713,0.61253833,1.3542844,0.082164749,0.40778319,10.830311369
10021,shrimp,raw shellfish,"shrimp or prawn, raw",no preparation,5.4165183,0.0,0.61253833,1.1225833,0.082164749,0.40778319,7.641587869
10038,shrimp,raw shellfish,"shrimp, frozen, raw",no preparation,7.2039694,1.1695713,0.59818519,1.3542844,0.14705472,0.44915369,10.922218699999998
20337,tofu,deli substitutes,plant-based sausage with tofu (vegan),pan,0.36550444,0.3775867,0.23350401,0.22282086,0.040313875,0.088611574,1.328341459
20912,tofu,meat substitutes,"tofu, smoked",pan,0.015849892,0.76900724,0.10321577,0.16763371,0.031912341,0.086850978,1.174469931
20904,tofu,mixed dishes,"tofu, plain",microwave,0.083403823,0.14573024,0.18574567,0.19543792,0.037393191,0.017733084,0.6654439280000001
1027,beans,cheeses,"plant-based spread-cheese type, with soybean, prepacked",no preparation,0.37947665,1.7009885,0.18055336,0.41832514,0.035573861,0.0066875618,2.7216050728000005
10291,beans,cheeses,"plant-based cheese, without soybean, prepacked, sliced",no preparation,0.52170006,2.0993817,0.26266115,0.43476318,0.035573861,0.0066875618,3.3607675128000003
10292,beans,cheeses,"plant-based cheese, without soybean, prepacked, shredded",no preparation,0.52170006,2.1122117,0.26266115,0.43476318,0.035573861,0.0066875618,3.3735975128000004
20524,beans,legumes,"red kidney bean, canned, drained",microwave,0.48574071,0.19721682,0.28100027,0.19938624,0.025346174,0.011045523,1.199735737
20503,beans,legumes,"red kidney bean, cooked",microwave,0.21029806,0.0,0.1139031,0.056411493,0.027863453,0.011045523,0.41952162899999995
20525,beans,legumes,"red kidney bean, dried",no preparation,0.49000391,0.0,0.26539933,0.13144131,0.064923095,0.0,0.951767645
20901,beans,nuts and oilseeds,"soybean, whole grain",no preparation,0.9232928,0.0075366852,0.26539933,0.24987098,0.022706535,0.0,1.4688063302
20072,beans,vegetables,"garden peas, raw",no preparation,0.42662137,0.0,0.0,0.21936917,0.020190286,0.0,0.666180826
25589,beans,vegetarian dishes,"plant-based ball with wheat and/or soybean, prepacked",pan,0.31705319,0.92185104,0.23350323,0.22973166,0.040313875,0.088611574,1.831064569
25234,beans,vegetarian dishes,cereal patty (without soybean),pan,0.74301255,0.39300959,0.13023448,0.15172195,0.021355895,0.080163416,1.519497881
25593,beans,vegetarian dishes,"plant-based patty or steak from wheat and soybean (vegan), prepacked",pan,0.30259819,0.80907291,0.23350323,0.22954886,0.046708858,0.088611574,1.710043622
25227,beans,vegetarian dishes,soybean and wheat-based nuggets (vegan),pan,0.36309548,0.618569,0.18483001,0.18046144,0.031912463,0.086850978,1.465719371
15048,nuts,nuts and oilseeds,mix of unsalted grains/nuts and dried fruit,no preparation,1.2577556,0.08536668,0.28154442,0.25831293,0.026314938,0.0,1.9092945680000002
15049,nuts,nuts and oilseeds,mix of unsalted grains/nuts and raisins,no preparation,1.2577556,0.08536668,0.28154442,0.25831293,0.026314938,0.0,1.9092945680000002
15018,nuts,nuts and oilseeds,mix of salted grains/nuts and raisins,no preparation,1.2577556,0.08536668,0.28154442,0.25831293,0.026314938,0.0,1.9092945680000002
15019,nuts,nuts and oilseeds,"cashew nut, grilled, salted",no preparation,2.5970342,0.19450093,0.34916639,0.45265508,0.022706535,0.0,3.616063135
9345,grains,"pasta, rice and cereals","amaranth, raw",no preparation,0.74547357,0.0,0.26539933,0.13144131,0.016099476,0.0,1.158413686
9310,grains,"pasta, rice and cereals","oat, raw",no preparation,0.74050597,0.0,0.26539933,0.13144131,0.016099476,0.0,1.153446086
93401,grains,"pasta, rice and cereals","quinoa, raw",no preparation,5.434591,0.0,0.26539933,0.35484422,0.016099476,0.0,6.070934026000001
9108,grains,"pasta, rice and cereals","wild rice, raw",no preparation,2.1584034,0.0,0.26539933,0.31515769,0.018819926,0.0,2.757780346
12112,cheese,cheeses,"abondance cheese, from cow's milk",no preparation,5.1182235,0.40534942,0.26266115,0.21150363,0.03557378,0.0066875618,6.039999041800001
12761,cheese,cheeses,"asiago cheese, from cow's milk",no preparation,5.0253753,0.41481283,0.26266115,0.21150363,0.03557378,0.0066875618,5.9566142518000005
12105,cheese,cheeses,"beaufort cheese, from cow's milk",no preparation,5.2492875,0.39273154,0.26266115,0.21150363,0.03557378,0.0066875618,6.1584451618000005
12526,cheese,cheeses,"gex blue cheese, or jura blue cheese or septmoncel blue cheese, from cow's milk",no preparation,4.8008352,0.24336023,0.26266115,0.21150363,0.03557378,0.0066875618,5.5606215518
12021,cheese,cheeses,"brie de meaux cheese, from cow's milk",no preparation,4.3211643,0.27020143,0.26266115,0.21150363,0.03557378,0.0066875618,5.107791851800001
12022,cheese,cheeses,"brie de melun cheese, from cow's milk",no preparation,4.3781965,0.26706996,0.26266115,0.21150363,0.03557378,0.0066875618,5.1616925818
12020,cheese,cheeses,"brie cheese, from cow's milk",no preparation,4.4912627,0.26080701,0.26266115,0.21150363,0.03557378,0.0066875618,5.2684958318
12006,cheese,cheeses,"camembert cheese, from cow's milk, from raw milk",no preparation,4.456254,0.26259642,0.26266115,0.21150363,0.03557378,0.0066875618,5.2352765418
12001,cheese,cheeses,"camembert cheese, from cow's milk",no preparation,4.456254,0.26259642,0.26266115,0.21150363,0.03557378,0.0066875618,5.2352765418
12722,cheese,cheeses,"cantal cheese, half matured, from cow's milk",no preparation,4.9700701,0.42112177,0.26266115,0.21150363,0.03557378,0.0066875618,5.9076179918
12723,cheese,cheeses,"cantal, salers or laguiole cheese, from cow's milk",no preparation,5.0231102,0.41560145,0.26266115,0.21150363,0.03557378,0.0066875618,5.9551377718
12025,cheese,cheeses,"carrã© de l'est cheese, from cow's milk",no preparation,4.2616204,0.2733329,0.26266115,0.21150363,0.03557378,0.0066875618,5.051379421799999
12830,cheese,cheeses,"chabichou cheese, from goat's milk",no preparation,6.0613288,0.29397361,0.26266115,0.21150363,0.03557378,0.0066875618,6.8717285318
12028,cheese,cheeses,"chaource cheese, from cow's milk",no preparation,4.1645447,0.29301645,0.26266115,0.21150363,0.03557378,0.0066875618,4.9739872717999996
12726,cheese,cheeses,"cheddar cheese, from cow's milk",no preparation,5.3517794,0.38405675,0.26266115,0.21150363,0.03557378,0.0066875618,6.2522622718
12846,cheese,cheeses,"chevrot cheese, from goat's milk",no preparation,5.4699796,0.29397361,0.26266115,0.21150363,0.03557378,0.0066875618,6.2803793318
12110,cheese,cheeses,"comtã© cheese, from cow's milk",no preparation,5.3937181,0.37932504,0.26266115,0.21150363,0.03557378,0.0066875618,6.2894692618
12010,cheese,cheeses,"coulommiers cheese, from cow's milk",no preparation,4.7049818,0.24828111,0.26266115,0.21150363,0.03557378,0.0066875618,5.469689031799999
12834,cheese,cheeses,"crottin de chavignol cheese, from goat's milk",no preparation,6.0613288,0.29397361,0.26266115,0.21150363,0.03557378,0.0066875618,6.8717285318
12832,cheese,cheeses,"crottin cheese, from goat's milk, from raw milk",no preparation,7.0961898,0.29397361,0.26266115,0.21150363,0.03557378,0.0066875618,7.906589531800001
12833,cheese,cheeses,"crottin cheese, from goat's milk",no preparation,7.0961898,0.29397361,0.26266115,0.21150363,0.03557378,0.0066875618,7.906589531800001
12729,cheese,cheeses,"edam cheese, from cow's milk",no preparation,5.0089587,0.41639006,0.26266115,0.21150363,0.03557378,0.0066875618,5.9417748818
12115,cheese,cheeses,"emmental cheese, from cow's milk",no preparation,5.2846775,0.38957707,0.26266115,0.21150363,0.03557378,0.0066875618,6.1906806918
12118,cheese,cheeses,"emmental cheese, grated, from cow's milk",no preparation,5.3188116,0.3864226,0.26266115,0.21150363,0.03557378,0.0066875618,6.221660321800001
12038,cheese,cheeses,"ã‰poisses cheese, from cow's milk",no preparation,4.2548698,0.27378026,0.26266115,0.21150363,0.03557378,0.0066875618,5.0450761818
12061,cheese,cheeses,"feta cheese, from ewe's milk",no preparation,4.7479417,0.29397361,0.26266115,0.21150363,0.03557378,0.0066875618,5.5583414318
12121,cheese,cheeses,"fontina cheese, from cow's milk",no preparation,4.445018,0.26349113,0.26266115,0.21150363,0.03557378,0.0066875618,5.224935251800001
12522,cheese,cheeses,"fourme d'ambert cheese, from cow's milk",no preparation,4.7213535,0.24783376,0.26266115,0.21150363,0.03557378,0.0066875618,5.4856133817999995
12519,cheese,cheeses,fourme de montbrison cheese,no preparation,4.8321434,0.24157081,0.26266115,0.21150363,0.03557378,0.0066875618,5.5901403318
12705,cheese,cheeses,"firm cheese, around 14% fat, maasdam-type cheese, reduced fat",no preparation,4.5065019,0.46607297,0.26266115,0.21150363,0.03557378,0.0066875618,5.4890009918
12741,cheese,cheeses,"firm cheese, around 27% fat, maasdam-type cheese",no preparation,4.8740373,0.42900795,0.26266115,0.21150363,0.03557378,0.0066875618,5.8194713718
12047,cheese,cheeses,"soft-ripened washed-rind cheese, from pasteurised milk (vieux panã©-type cheese)",no preparation,4.6508876,0.25141259,0.26266115,0.21150363,0.03557378,0.0066875618,5.4187263117999995
12008,cheese,cheeses,"soft-ripened cheese, double cream, around 30% fat",no preparation,4.5420937,0.25812289,0.26266115,0.21150363,0.03557378,0.0066875618,5.316642711799999
12003,cheese,cheeses,soft-ripened cheese with bloomy rind (camembert-type cheese),no preparation,4.6720139,0.25051788,0.26266115,0.21150363,0.03557378,0.0066875618,5.438957901799999
12035,cheese,cheeses,"soft-ripened washed-rind cheese, reduced fat, around 13% fat",no preparation,4.445018,0.26349113,0.26266115,0.21150363,0.03557378,0.0066875618,5.224935251800001
12050,cheese,cheeses,"soft -ripened washed, bloomy and coloured rind cheese",no preparation,4.445018,0.26349113,0.26266115,0.21150363,0.03557378,0.0066875618,5.224935251800001
12033,cheese,cheeses,"soft-ripened cheese, triple cream, around 40% fat",no preparation,4.445018,0.26349113,0.26266115,0.21150363,0.03557378,0.0066875618,5.224935251800001
12116,cheese,cheeses,"hard cheese, emmental-type cheese, reduced fat",no preparation,5.3188116,0.3864226,0.26266115,0.21150363,0.03557378,0.0066875618,6.221660321800001
12520,cheese,cheeses,"blue cheese, from cow's milk",no preparation,4.5845034,0.25543877,0.26266115,0.21150363,0.03557378,0.0066875618,5.3563682918
12521,cheese,cheeses,"auvergne blue cheese, from cow's milk",no preparation,4.7151412,0.24783376,0.26266115,0.21150363,0.03557378,0.0066875618,5.4794010818
12527,cheese,cheeses,"bresse blue cheese, from cow's milk",no preparation,4.5845034,0.25543877,0.26266115,0.21150363,0.03557378,0.0066875618,5.3563682918
12528,cheese,cheeses,"bresse blue cheese, from cow's milk, reduced fat, around 15% fat",no preparation,4.3014958,0.27109614,0.26266115,0.21150363,0.03557378,0.0066875618,5.0890180618
12523,cheese,cheeses,"causses blue cheese, from cow's milk",no preparation,4.7352584,0.24693905,0.26266115,0.21150363,0.03557378,0.0066875618,5.4986235718000005
12824,cheese,cheeses,"soft ripened cheese with bloomy rind, from ewe's milk, camembert-type cheese",no preparation,4.7479417,0.29397361,0.26266115,0.21150363,0.03557378,0.0066875618,5.5583414318
12827,cheese,cheeses,"semi-hard cheese, from ewe's milk",no preparation,3.9373469,0.38642648,0.26266115,0.21150363,0.03557378,0.0066875618,4.8401995018
12762,cheese,cheeses,"corsica soft ripened cheese, from ewe's milk",no preparation,7.5175743,0.29397361,0.26266115,0.21150363,0.03557378,0.0066875618,8.327974031799998
12747,cheese,cheeses,"pyrã©nã©es cheese, from ewe's milk",no preparation,4.4855436,0.31387294,0.26266115,0.21150363,0.03557378,0.0066875618,5.315842661799999
12820,cheese,cheeses,"soft-ripened cheese with bloomy rind, from goat's milk, camembert-type cheese",no preparation,6.8005152,0.29397361,0.26266115,0.21150363,0.03557378,0.0066875618,7.610914931800001
12814,cheese,cheeses,"soft-ripened cheese, from goat's milk, from pasteurised milk",no preparation,6.8005152,0.29397361,0.26266115,0.21150363,0.03557378,0.0066875618,7.610914931800001
12812,cheese,cheeses,"cheese, buche, from goat's milk",no preparation,4.8786305,0.29397361,0.26266115,0.21150363,0.03557378,0.0066875618,5.6890302317999994
12813,cheese,cheeses,"cheese, buche, from goat's milk, light",no preparation,5.396061,0.29397361,0.26266115,0.21150363,0.03557378,0.0066875618,6.206460731800001
12810,cheese,cheeses,"cheese, semi-dry, from goat's milk",no preparation,5.1088246,0.40693074,0.26266115,0.21150363,0.03557378,0.0066875618,6.0321814618
12804,cheese,cheeses,"cheese, from goat's milk, fresh, from raw milk",no preparation,4.3612,0.29397361,0.26266115,0.21150527,0.03557378,0.0066875618,5.1716013718
12800,cheese,cheeses,"cheese, from goat's milk, fresh, from pasteurised milk",no preparation,5.396061,0.29397361,0.26266115,0.21150527,0.03557378,0.0066875618,6.206462371800001
12805,cheese,cheeses,"cheese, from goat's milk, fresh",no preparation,4.9525491,0.29397361,0.26266115,0.21150527,0.03557378,0.0066875618,5.7629504718
12803,cheese,cheeses,"cheese, from goat's milk",no preparation,5.396061,0.29397361,0.26266115,0.21150363,0.03557378,0.0066875618,6.206460731800001
12801,cheese,cheeses,"cheese, from goat's milk, from raw milk",no preparation,5.6178169,0.29397361,0.26266115,0.21150363,0.03557378,0.0066875618,6.428216631800001
12802,cheese,cheeses,"cheese, from goat's milk, from pasteurised milk",no preparation,5.396061,0.29397361,0.26266115,0.21150363,0.03557378,0.0066875618,6.206460731800001
12815,cheese,cheeses,"cheese, dry, from goat's milk",no preparation,4.93331,0.29810043,0.26266115,0.21150363,0.03557378,0.0066875618,5.7478365518
12320,cheese,cheeses,"processed cheese, double cream, around 31% fat",no preparation,4.445018,0.26349113,0.26266115,0.21150363,0.03557378,0.0066875618,5.224935251800001
12310,cheese,cheeses,"processed cheese, around 20% fat, in wedges or cubes",no preparation,4.445018,0.26349113,0.26266115,0.21150363,0.03557378,0.0066875618,5.224935251800001
12300,cheese,cheeses,"processed cheese, in slices",no preparation,4.445018,0.26349113,0.26266115,0.21150363,0.03557378,0.0066875618,5.224935251800001
12009,cheese,cheeses,"soft-ripened round cheese with bloomy rind, 5 to 11% fat, camembert-type cheese, reduced fat",no preparation,4.1848973,0.27825379,0.26266115,0.21150363,0.03557378,0.0066875618,4.9795772118
12012,cheese,cheeses,"soft-ripened round cheese with bloomy rind, around 11% fat, coulommiers-type cheese, reduced fat",no preparation,4.234349,0.27512232,0.26266115,0.21150363,0.03557378,0.0066875618,5.025897441800001
12013,cheese,cheeses,"soft-ripened round cheese with bloomy rind, around 5% fat, camembert-type cheese, reduced fat",no preparation,4.2616204,0.2733329,0.26266115,0.21150363,0.03557378,0.0066875618,5.051379421799999
12060,cheese,cheeses,feta-type cheese from cow's milk,no preparation,4.3659961,0.26796466,0.26266115,0.21150363,0.03557378,0.0066875618,5.1503868818
12063,cheese,cheeses,"feta-type cheese from cow's milk, in oil and spices",no preparation,4.3659961,0.26796466,0.26266115,0.21150363,0.03557378,0.0066875618,5.1503868818
12524,cheese,cheeses,"gorgonzola cheese, from cow's milk",no preparation,4.4738705,0.26170172,0.18055336,0.21150363,0.03557378,0.0066875618,5.1698905518
12736,cheese,cheeses,"gouda cheese, from cow's milk",no preparation,5.0334827,0.41402421,0.26266115,0.21150363,0.03557378,0.0066875618,5.963933031800001
12123,cheese,cheeses,"grana padano cheese, from cow's milk",no preparation,5.2367284,0.39430877,0.26266115,0.21150363,0.03557378,0.0066875618,6.1474632918
12114,cheese,cheeses,"gruyere cheese, from cow's milk",no preparation,5.3571395,0.38326813,0.26266115,0.21150363,0.03557378,0.0066875618,6.2568337517999995
12113,cheese,cheeses,"gruyere cheese, france, protected geographical indication, from cow's milk",no preparation,5.2731724,0.39036569,0.26266115,0.21150363,0.03557378,0.0066875618,6.179964211800001
12040,cheese,cheeses,"langres cheese, from cow's milk",no preparation,4.2205115,0.27556967,0.26266115,0.21150363,0.03557378,0.0066875618,5.0125072917999995
12037,cheese,cheeses,"livarot cheese, from cow's milk",no preparation,4.5732898,0.25588612,0.26266115,0.21150363,0.03557378,0.0066875618,5.3456020418
12030,cheese,cheeses,"maroilles ""fermier"" cheese",no preparation,4.7151412,0.24783376,0.26266115,0.21150363,0.03557378,0.0066875618,5.4794010818
12029,cheese,cheeses,"maroilles ""laitier"" cheese",no preparation,4.6003481,0.25454406,0.26266115,0.21150363,0.03557378,0.0066875618,5.3713182818
12036,cheese,cheeses,"maroilles cheese, from cow's milk",no preparation,4.7072245,0.24872847,0.26266115,0.21150363,0.03557378,0.0066875618,5.4723790918
12737,cheese,cheeses,"mimolette cheese, half-old, from cow's milk",no preparation,5.2492875,0.39273154,0.26266115,0.21150363,0.03557378,0.0066875618,6.1584451618000005
12742,cheese,cheeses,"mimolette cheese, extra old, from cow's milk",no preparation,5.3569937,0.38247951,0.26266115,0.21150363,0.03557378,0.0066875618,6.255899331799999
12735,cheese,cheeses,"mimolette cheese, young, from cow's milk",no preparation,5.1427812,0.4045608,0.26266115,0.21150363,0.03557378,0.0066875618,6.0637681218
12738,cheese,cheeses,"mimolette cheese, old, from cow's milk",no preparation,5.4746799,0.37380472,0.26266115,0.21150363,0.03557378,0.0066875618,6.3649107418
12740,cheese,cheeses,"mimolette cheese, from cow's milk",no preparation,5.2492875,0.39273154,0.26266115,0.21150363,0.03557378,0.0066875618,6.1584451618000005
12051,cheese,cheeses,"vacherin cheese or mont d'or cheese, from cow's milk",no preparation,4.3909126,0.2666226,0.26266115,0.21150363,0.03557378,0.0066875618,5.173961321799999
12743,cheese,cheeses,"morbier cheese, from cow's milk",no preparation,5.0148795,0.41639006,0.26266115,0.21150363,0.03557378,0.0066875618,5.9476956818
19590,cheese,cheeses,"mozzarella cheese, from cow's milk",no preparation,3.8494775,0.29704263,0.26266115,0.21150363,0.03557378,0.0066875618,4.6629462518
12039,cheese,cheeses,"munster cheese, from cow's milk",no preparation,4.5521411,0.25722818,0.26266115,0.21150363,0.03557378,0.0066875618,5.3257954018
12031,cheese,cheeses,"neufchã¢tel cheese, from cow's milk",no preparation,4.1186252,0.28183262,0.26266115,0.21150363,0.03557378,0.0066875618,4.916883941800001
12119,cheese,cheeses,"ossau-iraty cheese, from ewe's milk",no preparation,4.4855436,0.31387294,0.26266115,0.21150363,0.03557378,0.0066875618,5.315842661799999
12120,cheese,cheeses,"parmesan cheese, from cow's milk",no preparation,5.2787231,0.39036569,0.26266115,0.21150363,0.03557378,0.0066875618,6.1855149117999995
12831,cheese,cheeses,"pã©lardon cheese, from goat's milk",no preparation,6.6526779,0.29397361,0.26266115,0.21150363,0.03557378,0.0066875618,7.4630776318
12836,cheese,cheeses,"picodon cheese, from goat's milk",no preparation,6.0613288,0.29397361,0.26266115,0.21150363,0.03557378,0.0066875618,6.8717285318
12042,cheese,cheeses,"pont l'evãªque cheese, from cow's milk",no preparation,4.6223267,0.25364935,0.26266115,0.21150363,0.03557378,0.0066875618,5.3924021718
12839,cheese,cheeses,"pouligny saint-pierre cheese, from goat's milk",no preparation,5.6917356,0.29397361,0.26266115,0.21150363,0.03557378,0.0066875618,6.502135331800001
12716,cheese,cheeses,"provolone cheese, from cow's milk",no preparation,4.9700701,0.42112177,0.26266115,0.21150363,0.03557378,0.0066875618,5.9076179918
12749,cheese,cheeses,"raclette cheese, from cow's milk",no preparation,4.9957379,0.41875592,0.26266115,0.21150363,0.03557378,0.0066875618,5.9309199418
12045,cheese,cheeses,"reblochon cheese, from cow's milk",no preparation,4.5845034,0.25543877,0.26266115,0.21150363,0.03557378,0.0066875618,5.3563682918
12847,cheese,cheeses,"rocamadour cheese, from goat's milk",no preparation,5.2482237,0.29397361,0.26266115,0.21150363,0.03557378,0.0066875618,6.0586234318
12500,cheese,cheeses,"roquefort cheese, from ewe's milk",no preparation,5.3131728,0.29397361,0.18055336,0.21150363,0.03557378,0.0066875618,6.0414647418000005
12842,cheese,cheeses,"sainte maure cheese, from goat's milk",no preparation,5.396061,0.29397361,0.26266115,0.21150363,0.03557378,0.0066875618,6.206460731800001
12807,cheese,cheeses,goat cheese from raw milk,no preparation,5.6178169,0.29397361,0.26266115,0.21150363,0.03557378,0.0066875618,6.428216631800001
12052,cheese,cheeses,"saint-felicien cheese, from cow's milk",no preparation,4.0484844,0.2858588,0.26266115,0.21150363,0.03557378,0.0066875618,4.8507693218000005
12049,cheese,cheeses,"saint-marcellin cheese, from cow's milk",no preparation,3.9334446,0.29167439,0.26266115,0.21150363,0.03557378,0.0066875618,4.7415451118
12751,cheese,cheeses,"saint-nectaire cheese, from cow's milk, milk collected in an unique farm",no preparation,4.4518358,0.47080468,0.26266115,0.21150363,0.03557378,0.0066875618,5.4390666018
12748,cheese,cheeses,"saint-nectaire cheese, from cow's milk, milks collected in many farms",no preparation,4.4518358,0.47080468,0.26266115,0.21150363,0.03557378,0.0066875618,5.4390666018
12752,cheese,cheeses,"saint-nectaire cheese, from cow's milk",no preparation,4.4518358,0.47080468,0.26266115,0.21150363,0.03557378,0.0066875618,5.4390666018
12755,cheese,cheeses,"saint-paulin cheese, from cow's milk (semi-hard cheese)",no preparation,4.763965,0.44083721,0.26266115,0.21150363,0.03557378,0.0066875618,5.7212283318
12725,cheese,cheeses,"salers cheese, from cow's milk",no preparation,5.0532747,0.41323559,0.26266115,0.21150363,0.03557378,0.0066875618,5.9829364118
12845,cheese,cheeses,"selles-sur-cher cheese, from goat's milk",no preparation,5.6917356,0.29397361,0.26266115,0.21150363,0.03557378,0.0066875618,6.502135331800001
12356,cheese,cheeses,"processed cheese snack w breadsticks, for children",no preparation,4.3811181,0.44859949,0.18578351,0.21425449,0.037393191,0.0066875618,5.2738363428
12355,cheese,cheeses,processed cheese with fresh cream cheese and walnuts,no preparation,4.5364047,0.45863164,0.18578351,0.21711751,0.037393191,0.0066875618,5.4420181128
19530,cheese,cheeses,"uncured soft cheese, spreadable, around 30-40% fat, flavoured (ex : garlic and herbs)",no preparation,4.1848973,0.27825379,0.26266115,0.21150363,0.03557378,0.0066875618,4.9795772118
12340,cheese,cheeses,"uncured soft cheese, spreadable, around 20% fat, in a tub",no preparation,3.7733599,0.30106881,0.26266115,0.21150363,0.03557378,0.0066875618,4.590854831800001
12315,cheese,cheeses,"uncured soft cheese, spreadable, around 25% fat, in a tub",no preparation,4.1848973,0.27825379,0.26266115,0.21150363,0.03557378,0.0066875618,4.9795772118
1027,cheese,cheeses,"plant-based spread-cheese type, with soybean, prepacked",no preparation,0.37947665,1.7009885,0.18055336,0.41832514,0.035573861,0.0066875618,2.7216050728000005
10291,cheese,cheeses,"plant-based cheese, without soybean, prepacked, sliced",no preparation,0.52170006,2.0993817,0.26266115,0.43476318,0.035573861,0.0066875618,3.3607675128000003
10292,cheese,cheeses,"plant-based cheese, without soybean, prepacked, shredded",no preparation,0.52170006,2.1122117,0.26266115,0.43476318,0.035573861,0.0066875618,3.3735975128000004
12763,cheese,cheeses,tomme cheese (pdo) from the french bauges munntains,no preparation,5.0089587,0.23128169,0.26266115,0.21150363,0.03557378,0.0066875618,5.7566665118
12759,cheese,cheeses,"tomme cheese, from mountain or savoy",no preparation,4.9285575,0.23575522,0.26266115,0.21150363,0.03557378,0.0066875618,5.680738841799999
12758,cheese,cheeses,"tomme cheese, from cow's milk",no preparation,4.9754526,0.23351845,0.26266115,0.21150363,0.03557378,0.0066875618,5.7253971718
12760,cheese,cheeses,"tomme cheese, reduced fat, around 13% fat",no preparation,4.9285575,0.23575522,0.26266115,0.21150363,0.03557378,0.0066875618,5.680738841799999
12848,cheese,cheeses,"valenã§ay cheese, from goat's milk",no preparation,5.8395729,0.29397361,0.26266115,0.21150363,0.03557378,0.0066875618,6.6499726318
